Number,State,R2 score,Param activation_l0,Param activation_l1,Param activation_l2,Param activation_l3,Param activation_l4,Param batch_size,Param epoch,Param gmm_seed,Param init_params_gmm,Param last_activation,Param learning_rate,Param loss,Param max_iter,Param n_components,Param n_init,Param n_layers,Param n_units_l0,Param n_units_l1,Param n_units_l2,Param n_units_l3,Param n_units_l4,Param optimizer,Param seed
0,COMPLETE,-2.17055915,sigmoid,tanh,tanh,relu,,34,930,65,kmeans,lambda,0.00767747567284165,huber_loss,20,7,100,4,6,8,52,40,,RMSprop,84
1,COMPLETE,-0.33544231,sigmoid,relu,sigmoid,,,64,230,56,random_from_data,lambda,0.06886758483514965,huber_loss,30,2,60,3,4,12,10,,,RMSprop,54
2,COMPLETE,-2.95986051,sigmoid,relu,sigmoid,relu,,6,700,64,random_from_data,lambda,0.03876996452589087,huber_loss,70,5,100,4,8,30,24,48,,RMSprop,15
3,COMPLETE,-435.18606581,tanh,,,,,34,900,51,k-means++,,0.06115365077524452,huber_loss,30,3,50,1,64,,,,,RMSprop,81
4,COMPLETE,-2.9734527,tanh,sigmoid,relu,,,46,910,20,kmeans,,0.002937501418211498,mse_loss,20,9,100,3,26,44,14,,,Adam,66
5,COMPLETE,-0.0162438,sigmoid,tanh,sigmoid,sigmoid,,62,860,45,k-means++,lambda,0.0003310699247845684,huber_loss,20,6,100,4,6,18,48,12,,RMSprop,4
6,COMPLETE,-1.32551083,tanh,sigmoid,tanh,sigmoid,relu,20,770,7,kmeans,,0.028018672087687796,mse_loss,70,6,50,5,18,18,26,42,64,Adam,66
7,COMPLETE,-109.67516103,sigmoid,tanh,,,,58,340,15,random_from_data,lambda,1.9190761328068918e-05,mse_loss,50,3,40,2,10,12,,,,RMSprop,15
8,COMPLETE,0.51281556,relu,relu,tanh,,,64,570,93,kmeans,lambda,0.000828380024068074,huber_loss,100,2,80,3,48,24,52,,,Adam,92
9,COMPLETE,-1834.85697294,relu,,,,,58,530,59,k-means++,,3.934715683749499e-05,huber_loss,70,9,70,1,12,,,,,Adam,44
10,COMPLETE,-0.07351248,relu,relu,,,,78,510,100,random,lambda,0.00025100990015330146,mse_loss,100,4,20,2,50,60,,,,Adam,96
11,COMPLETE,-8.15988069,relu,tanh,sigmoid,sigmoid,,78,690,94,k-means++,lambda,0.0002861298137885923,huber_loss,100,7,80,4,42,28,52,4,,Adam,35
12,COMPLETE,0.46936631,relu,relu,tanh,tanh,sigmoid,66,360,32,random,lambda,0.0005644129255815336,huber_loss,50,5,80,5,36,24,60,12,4,RMSprop,2
13,COMPLETE,-0.7803506,relu,relu,tanh,tanh,sigmoid,48,440,33,random,lambda,0.0014910642608876948,huber_loss,60,2,80,5,38,42,60,22,4,Adam,26
14,COMPLETE,-25.87145181,relu,relu,,,,74,190,81,random,lambda,7.92841173522564e-05,huber_loss,90,4,80,2,52,24,,,,RMSprop,0
15,COMPLETE,-0.04266884,relu,relu,tanh,tanh,sigmoid,70,360,33,random,lambda,0.007536354623622078,huber_loss,50,4,70,5,30,36,64,64,4,Adam,56
16,COMPLETE,-2.9033273,relu,relu,tanh,,,52,630,79,kmeans,lambda,0.0008989937615033507,huber_loss,40,8,10,3,50,54,42,,,RMSprop,100
17,COMPLETE,0.49481184,relu,relu,,,,38,300,36,kmeans,lambda,0.0007246447601395767,huber_loss,80,5,90,2,62,4,,,,Adam,76
18,COMPLETE,0.14740181,relu,sigmoid,,,,36,110,77,kmeans,,0.003536069157968386,mse_loss,90,3,90,2,64,4,,,,Adam,83
19,COMPLETE,-0.60255536,relu,relu,relu,,,16,600,41,kmeans,lambda,0.00011573590511510894,huber_loss,80,2,60,3,56,18,36,,,Adam,70
20,COMPLETE,-166.2769207,tanh,,,,,26,460,23,kmeans,lambda,1.0295370787335814e-05,huber_loss,90,7,90,1,44,,,,,Adam,75
21,COMPLETE,0.74339085,relu,relu,tanh,,,42,310,32,random,lambda,0.0008063603552925048,huber_loss,80,5,70,3,58,24,58,,,Adam,87
22,COMPLETE,-0.23856646,relu,relu,tanh,,,44,270,0,kmeans,lambda,0.001382932369986482,huber_loss,80,5,70,3,58,36,44,,,Adam,90
23,COMPLETE,-55.30819121,relu,relu,,,,26,110,43,random,lambda,0.00011520137864495209,huber_loss,80,6,90,2,58,22,,,,Adam,91
24,COMPLETE,0.06395284,relu,relu,,,,40,400,26,kmeans,lambda,0.0005988567552365975,huber_loss,100,4,40,2,46,4,,,,Adam,74
25,COMPLETE,-0.93973321,relu,relu,tanh,,,54,290,71,kmeans,lambda,0.002731118627712436,huber_loss,90,5,70,3,60,12,58,,,Adam,61
26,COMPLETE,-0.70054802,relu,sigmoid,relu,relu,,28,180,91,random,,0.006677917403840407,mse_loss,60,3,90,4,54,42,34,64,,Adam,91
27,COMPLETE,-2.91691778,relu,relu,,,,16,580,12,random_from_data,lambda,0.0005072454785229741,huber_loss,80,8,60,2,48,48,,,,Adam,78
28,COMPLETE,-0.97022451,tanh,relu,tanh,,,2,470,50,kmeans,lambda,0.00019055948584703898,huber_loss,100,6,80,3,62,32,52,,,Adam,44
29,COMPLETE,-0.53853819,relu,relu,tanh,,,40,280,38,kmeans,lambda,0.013622967192278058,huber_loss,70,4,90,3,42,26,40,,,Adam,86
30,COMPLETE,0.2703229,sigmoid,,,,,32,1000,28,random,lambda,0.0015491489668184415,huber_loss,90,8,70,1,56,,,,,Adam,96
31,COMPLETE,-0.27296533,relu,relu,tanh,tanh,,68,350,33,random,lambda,0.0006854800338811052,huber_loss,60,5,80,4,38,22,64,24,,RMSprop,88
32,COMPLETE,0.72405131,relu,relu,tanh,,,66,400,49,random,lambda,0.00039094691549163913,huber_loss,40,5,80,3,32,16,56,,,RMSprop,31
33,COMPLETE,0.20960965,relu,relu,tanh,sigmoid,,52,410,57,random,lambda,0.0010985318578139152,huber_loss,40,5,100,4,30,16,56,52,,RMSprop,28
34,COMPLETE,-0.15794106,relu,tanh,tanh,,,60,230,50,random_from_data,lambda,0.0003621733793121547,huber_loss,10,6,60,3,26,8,46,,,RMSprop,45
35,COMPLETE,0.43084791,sigmoid,relu,relu,,,74,490,65,random,lambda,0.0024142928071444166,huber_loss,40,2,90,3,22,10,54,,,RMSprop,81
36,COMPLETE,-0.09978189,relu,relu,tanh,,,48,670,47,k-means++,,0.00013923987371575644,huber_loss,30,3,100,3,32,16,48,,,Adam,35
37,COMPLETE,-1.09730135,tanh,relu,,,,38,560,38,kmeans,lambda,5.819425463171352e-05,mse_loss,80,7,50,2,64,32,,,,RMSprop,52
38,COMPLETE,-0.42711068,sigmoid,sigmoid,tanh,,,72,310,56,random_from_data,lambda,0.004124836969426712,huber_loss,70,4,70,3,60,6,28,,,Adam,19
39,COMPLETE,-0.18375525,relu,tanh,tanh,relu,,64,770,16,random,,0.01528283222880869,huber_loss,40,6,80,4,54,14,64,30,,RMSprop,63
40,COMPLETE,0.06380768,tanh,relu,,,,56,420,19,kmeans,lambda,0.001983052594484317,mse_loss,70,5,40,2,16,20,,,,Adam,99
41,COMPLETE,0.01321841,relu,relu,tanh,tanh,tanh,66,380,29,random,lambda,0.0004349697561642487,huber_loss,50,5,80,5,36,26,60,14,32,RMSprop,8
42,COMPLETE,-0.02723975,relu,relu,tanh,tanh,,62,230,39,random,lambda,0.0005679715856618901,huber_loss,30,5,100,4,34,28,58,4,,RMSprop,9
43,COMPLETE,0.40865507,relu,relu,tanh,,,44,320,54,random,lambda,0.0009560105953414303,huber_loss,50,4,70,3,24,22,50,,,RMSprop,22
44,COMPLETE,-0.53617869,relu,relu,tanh,tanh,,78,520,34,k-means++,lambda,0.0002601283661780624,huber_loss,50,6,80,4,40,10,54,16,,RMSprop,32
45,COMPLETE,-9.67287246,relu,,,,,66,170,47,random,lambda,0.00018925840728187734,huber_loss,60,5,90,1,46,,,,,RMSprop,72
46,COMPLETE,-0.10756824,sigmoid,sigmoid,tanh,tanh,sigmoid,32,260,63,random,lambda,0.0007983225263313748,huber_loss,30,3,80,5,52,30,60,32,30,RMSprop,12
47,COMPLETE,-0.17184976,relu,tanh,,,,80,350,25,random,,0.00037847086715328,huber_loss,100,6,60,2,28,14,,,,Adam,40
48,COMPLETE,-0.02216374,relu,relu,sigmoid,,,50,440,86,k-means++,lambda,0.0016976519053526725,mse_loss,20,7,90,3,34,20,4,,,RMSprop,0
49,COMPLETE,0.00303094,relu,relu,tanh,tanh,,58,750,45,random_from_data,lambda,0.0010434168837659098,huber_loss,60,4,70,4,20,38,56,22,,Adam,58
50,COMPLETE,-0.72182741,relu,relu,,,,70,370,70,kmeans,lambda,0.005201624018122571,huber_loss,40,5,80,2,50,26,,,,Adam,67
51,COMPLETE,0.07889938,sigmoid,relu,relu,,,74,490,100,random,lambda,0.0028512621989514003,huber_loss,40,2,90,3,24,8,52,,,RMSprop,81
52,COMPLETE,0.6156909,sigmoid,relu,relu,,,72,630,64,random,lambda,0.0006853541322202962,huber_loss,40,2,90,3,12,10,62,,,RMSprop,94
53,COMPLETE,-0.50436458,sigmoid,relu,relu,,,62,660,31,random,lambda,0.00020692573595574044,huber_loss,50,2,100,3,6,16,62,,,RMSprop,96
54,COMPLETE,-0.14258284,sigmoid,relu,relu,,,66,620,62,random,lambda,0.0006738868360821908,huber_loss,50,3,90,3,14,6,18,,,RMSprop,93
55,COMPLETE,0.46628533,sigmoid,relu,sigmoid,,,76,540,37,random,lambda,0.0012151454754274536,huber_loss,70,2,80,3,10,12,56,,,RMSprop,85
56,COMPLETE,0.05600949,tanh,relu,,,,70,730,74,kmeans,lambda,0.000324419039293196,huber_loss,40,3,100,2,60,18,,,,Adam,77
57,COMPLETE,-1.39420283,relu,tanh,relu,tanh,,56,320,42,random,,0.0005179609955170094,huber_loss,30,9,30,4,46,24,60,10,,RMSprop,93
58,COMPLETE,0.32779998,relu,sigmoid,sigmoid,relu,relu,20,800,23,kmeans,lambda,0.0007895405066918176,mse_loss,90,4,80,5,42,4,50,28,20,Adam,87
59,COMPLETE,-0.60466665,sigmoid,relu,relu,,,44,580,88,random,lambda,6.902751095360549e-05,huber_loss,100,2,70,3,56,10,64,,,Adam,98
60,COMPLETE,-2.95986379,relu,relu,tanh,,,10,210,96,kmeans,lambda,0.0735664677305098,huber_loss,80,4,50,3,62,14,58,,,RMSprop,82
61,COMPLETE,0.61762685,sigmoid,relu,sigmoid,,,78,540,37,random,lambda,0.001365948082590671,huber_loss,70,2,80,3,10,12,56,,,RMSprop,84
62,COMPLETE,0.11643114,sigmoid,relu,sigmoid,,,80,650,52,random,lambda,0.0004429575379182201,huber_loss,80,3,90,3,8,20,54,,,RMSprop,93
63,COMPLETE,0.45878583,sigmoid,relu,sigmoid,,,72,450,35,random,lambda,0.0020236116293980253,huber_loss,90,2,80,3,12,6,62,,,RMSprop,89
64,COMPLETE,-0.36849523,sigmoid,relu,,,,76,150,29,random,lambda,0.0012445857109504336,huber_loss,60,2,70,2,18,60,,,,RMSprop,79
65,COMPLETE,-0.43294198,sigmoid,relu,sigmoid,,,62,390,43,random,lambda,0.00027433357842622096,huber_loss,70,5,80,3,8,10,48,,,RMSprop,83
66,COMPLETE,-0.20646027,relu,,,,,36,600,59,k-means++,lambda,0.0008342196533103084,huber_loss,80,2,90,1,58,,,,,Adam,96
67,COMPLETE,-2.43039894,relu,relu,sigmoid,,,68,710,84,kmeans,lambda,0.00015903419235248348,huber_loss,60,3,90,3,14,64,56,,,Adam,72
68,COMPLETE,0.42910466,tanh,relu,tanh,sigmoid,,72,500,21,random,,0.0005935168565468633,huber_loss,70,6,80,4,4,12,62,38,,RMSprop,18
69,COMPLETE,0.40353883,relu,relu,relu,,,28,260,68,random_from_data,lambda,0.0015770267206526563,mse_loss,50,5,60,3,4,24,52,,,Adam,85
70,COMPLETE,-0.14464397,sigmoid,sigmoid,,,,76,820,40,random,lambda,9.899894429153765e-05,huber_loss,90,4,70,2,64,18,,,,RMSprop,100
71,COMPLETE,-0.07533922,sigmoid,relu,sigmoid,,,78,550,36,random,lambda,0.0012273862046142108,huber_loss,70,2,80,3,10,12,58,,,RMSprop,86
72,COMPLETE,0.62985787,sigmoid,relu,sigmoid,,,76,540,47,random,lambda,0.0010215577772695243,huber_loss,70,2,80,3,12,8,56,,,RMSprop,89
73,COMPLETE,0.27931561,sigmoid,relu,sigmoid,,,68,620,48,random,lambda,0.0022171753426242246,huber_loss,80,2,90,3,16,8,60,,,RMSprop,90
74,COMPLETE,0.26314909,sigmoid,relu,sigmoid,,,64,420,32,random,lambda,0.003783570768661165,huber_loss,40,2,80,3,12,4,44,,,RMSprop,3
75,COMPLETE,-0.13199926,relu,relu,tanh,,,70,470,46,kmeans,lambda,0.00044120217962687687,huber_loss,60,3,70,3,38,16,54,,,RMSprop,76
76,COMPLETE,-0.55012331,sigmoid,relu,sigmoid,tanh,,74,570,53,random,lambda,0.0006920920237942248,huber_loss,80,2,90,4,54,8,38,52,,Adam,48
77,COMPLETE,-1.79250894,relu,tanh,,,,80,300,43,random,lambda,0.00035781957881916057,huber_loss,70,8,80,2,20,28,,,,RMSprop,93
78,COMPLETE,0.62949263,relu,relu,tanh,,,32,520,26,kmeans,lambda,0.0009561094596940861,huber_loss,90,5,80,3,10,14,58,,,RMSprop,88
79,COMPLETE,-0.40509343,sigmoid,relu,tanh,,,22,530,13,kmeans,lambda,0.0009022956154381944,huber_loss,90,5,70,3,16,14,32,,,Adam,88
80,COMPLETE,-0.98527947,relu,relu,tanh,,,32,600,27,kmeans,,0.00151790238041586,huber_loss,100,3,10,3,6,6,50,,,RMSprop,79
81,COMPLETE,0.6073645,relu,relu,tanh,,,60,340,30,kmeans,lambda,0.0009648374444705006,huber_loss,90,5,80,3,10,10,58,,,RMSprop,91
82,COMPLETE,0.69820155,relu,relu,tanh,,,42,330,24,kmeans,lambda,0.000986420686494145,huber_loss,90,5,80,3,10,10,56,,,RMSprop,96
83,COMPLETE,0.70008074,relu,relu,tanh,,,60,520,18,kmeans,lambda,0.0010168034482626416,huber_loss,100,5,80,3,10,12,56,,,RMSprop,91
84,COMPLETE,0.54213666,relu,relu,tanh,,,42,340,18,kmeans,lambda,0.0010220445495245202,huber_loss,90,5,80,3,8,10,56,,,RMSprop,97
85,COMPLETE,-1.06655143,relu,relu,tanh,,,52,480,23,kmeans,lambda,0.0018127147988285905,huber_loss,90,6,70,3,14,14,58,,,RMSprop,94
86,COMPLETE,-1.01752305,relu,relu,tanh,,,48,510,11,kmeans,lambda,0.0027603607910553604,huber_loss,100,5,80,3,12,10,62,,,RMSprop,91
87,COMPLETE,-2.95985957,relu,relu,tanh,,,38,690,8,kmeans,lambda,0.04625415903543758,huber_loss,100,5,80,3,10,12,54,,,RMSprop,95
88,COMPLETE,-0.45108139,tanh,relu,tanh,,,60,430,25,kmeans,lambda,0.0012617770504769832,mse_loss,90,5,90,3,10,16,58,,,RMSprop,89
89,COMPLETE,-1.05015185,relu,relu,tanh,,,54,380,30,kmeans,lambda,0.0004942510248901483,huber_loss,80,6,70,3,8,8,60,,,RMSprop,84
90,COMPLETE,0.14771817,relu,relu,tanh,,,34,330,21,random_from_data,lambda,0.0009840464587511511,huber_loss,10,4,80,3,18,14,56,,,RMSprop,87
91,COMPLETE,0.66381129,relu,relu,tanh,,,42,350,16,kmeans,lambda,0.0009593658874814118,huber_loss,90,5,80,3,6,10,56,,,RMSprop,97
92,COMPLETE,0.19851554,relu,relu,tanh,,,42,280,24,kmeans,lambda,0.0007266489355575138,huber_loss,90,5,80,3,6,10,54,,,RMSprop,99
93,COMPLETE,0.4615949,relu,relu,tanh,,,46,400,6,kmeans,lambda,0.0006261408176566355,huber_loss,90,5,80,3,4,12,58,,,RMSprop,91
94,COMPLETE,-0.61775949,relu,relu,tanh,,,40,360,16,kmeans,lambda,0.0022939147350004335,huber_loss,100,5,70,3,14,6,52,,,RMSprop,97
95,COMPLETE,-0.38237376,relu,sigmoid,tanh,,,46,520,17,k-means++,lambda,0.0015621334038718735,huber_loss,90,6,90,3,12,8,64,,,RMSprop,95
96,COMPLETE,-0.01363518,sigmoid,tanh,tanh,,,36,250,27,kmeans,lambda,0.0010943917126319818,huber_loss,80,5,60,3,8,12,56,,,RMSprop,91
97,COMPLETE,-1.57782233,relu,relu,relu,,,30,460,14,kmeans,lambda,0.0003044688650895478,huber_loss,100,4,80,3,6,16,62,,,RMSprop,40
98,COMPLETE,-0.51838748,relu,relu,tanh,,,64,310,20,kmeans,lambda,0.000879508312266173,huber_loss,90,5,70,3,12,20,50,,,RMSprop,100
99,COMPLETE,0.05928318,sigmoid,relu,tanh,,,58,560,10,random,lambda,0.0014165163506604174,huber_loss,80,4,90,3,10,14,60,,,RMSprop,81
100,COMPLETE,-1.43819287,relu,relu,sigmoid,,,50,640,49,kmeans,,0.00040448965862676165,huber_loss,100,6,80,3,16,6,52,,,RMSprop,84
101,COMPLETE,0.58273406,relu,relu,tanh,,,42,350,18,kmeans,lambda,0.0010311104180927393,huber_loss,90,5,80,3,8,10,56,,,RMSprop,97
102,COMPLETE,-0.19475675,relu,relu,tanh,,,40,340,21,kmeans,lambda,0.0005666500781254831,huber_loss,90,5,80,3,6,10,56,,,RMSprop,94
103,COMPLETE,0.17981027,relu,relu,tanh,,,44,400,33,kmeans,lambda,0.0011148711943323264,huber_loss,90,5,80,3,8,8,54,,,RMSprop,88
104,COMPLETE,-0.02858825,relu,relu,tanh,,,46,370,18,kmeans,lambda,0.001824496660976059,huber_loss,80,5,90,3,10,18,58,,,RMSprop,97
105,COMPLETE,0.63343897,relu,relu,relu,,,78,290,2,kmeans,lambda,0.0008284036310100109,huber_loss,20,5,70,3,14,12,62,,,RMSprop,92
106,COMPLETE,0.10752668,relu,relu,relu,,,76,280,4,random,lambda,0.00022555963266587825,mse_loss,20,4,70,3,14,12,60,,,RMSprop,26
107,COMPLETE,-0.6975502,tanh,relu,relu,,,72,240,4,k-means++,lambda,0.0007213864267017599,huber_loss,20,6,70,3,12,14,62,,,RMSprop,90
108,COMPLETE,-0.33459608,sigmoid,relu,relu,,,74,210,30,random,lambda,0.0004860798629717928,huber_loss,10,5,60,3,4,18,64,,,RMSprop,92
109,COMPLETE,0.70519577,relu,sigmoid,relu,,,78,290,59,kmeans,lambda,0.001352813917143458,huber_loss,30,5,80,3,18,48,22,,,RMSprop,87
110,COMPLETE,0.22526157,relu,sigmoid,relu,,,78,590,60,random_from_data,lambda,0.0013396353135290545,huber_loss,20,4,70,3,18,48,20,,,RMSprop,86
111,COMPLETE,0.59811576,relu,sigmoid,relu,,,76,310,65,kmeans,lambda,0.0008381190010954319,huber_loss,30,5,80,3,14,44,12,,,RMSprop,88
112,COMPLETE,0.18992296,relu,sigmoid,relu,,,80,300,0,kmeans,lambda,0.000670045400607767,huber_loss,30,5,80,3,12,54,24,,,RMSprop,83
113,COMPLETE,0.01248748,relu,sigmoid,relu,,,78,330,56,kmeans,lambda,0.0008352057421119888,huber_loss,30,5,80,3,10,36,6,,,RMSprop,94
114,COMPLETE,-0.45205239,relu,sigmoid,relu,,,68,550,68,kmeans,lambda,0.0030780741668627255,huber_loss,40,5,90,3,16,8,16,,,RMSprop,80
115,COMPLETE,-0.04916479,sigmoid,relu,sigmoid,,,74,290,51,random,lambda,0.0018492369684848752,huber_loss,30,5,80,3,20,6,30,,,RMSprop,89
116,COMPLETE,-0.77363152,relu,tanh,relu,,,70,270,37,kmeans,lambda,0.0005527902235886989,huber_loss,20,6,80,3,32,34,58,,,RMSprop,86
117,COMPLETE,0.55578258,relu,relu,sigmoid,,,72,210,40,random,lambda,0.002423049610863616,huber_loss,40,5,70,3,14,12,60,,,RMSprop,92
118,COMPLETE,-0.76101391,sigmoid,relu,tanh,,,76,500,28,kmeans,lambda,0.0012743314549687568,huber_loss,70,6,20,3,10,16,54,,,RMSprop,95
119,COMPLETE,-0.4064682,relu,relu,relu,,,60,540,35,random,,0.0009649460031312248,huber_loss,80,7,50,3,22,10,62,,,RMSprop,98
120,COMPLETE,0.4728971,relu,relu,sigmoid,,,24,450,26,kmeans,lambda,0.00037604136266304237,huber_loss,100,2,100,3,8,4,46,,,RMSprop,92
121,COMPLETE,0.24002643,relu,sigmoid,relu,,,80,310,61,kmeans,lambda,0.0008685017302895784,huber_loss,30,5,80,3,14,50,12,,,RMSprop,89
122,COMPLETE,-0.13608107,relu,sigmoid,relu,,,76,330,65,kmeans,lambda,0.0007761043614608401,huber_loss,30,5,80,3,12,44,12,,,RMSprop,87
123,COMPLETE,0.08753336,relu,sigmoid,relu,,,78,370,68,kmeans,lambda,0.000620023090502523,huber_loss,30,5,90,3,16,46,6,,,RMSprop,84
124,COMPLETE,0.50899231,relu,sigmoid,relu,,,74,260,54,kmeans,lambda,0.0014908025592715096,huber_loss,40,5,80,3,10,54,22,,,RMSprop,90
125,COMPLETE,0.45440976,relu,sigmoid,tanh,,,78,310,57,kmeans,lambda,0.0011644232787641833,huber_loss,50,5,80,3,28,50,26,,,RMSprop,31
126,COMPLETE,-28.04288078,sigmoid,relu,tanh,,,66,290,74,random,lambda,2.061476037574315e-05,mse_loss,10,4,90,3,14,12,58,,,RMSprop,82
127,COMPLETE,-2.67845387,relu,relu,relu,,,70,390,65,kmeans,lambda,0.000461105098774413,huber_loss,70,9,70,3,12,10,60,,,RMSprop,88
128,COMPLETE,0.3541289,tanh,sigmoid,tanh,,,80,610,31,random,lambda,0.0007711844868020495,huber_loss,30,5,80,3,8,52,36,,,RMSprop,93
129,COMPLETE,0.0603577,relu,relu,sigmoid,,,72,360,44,kmeans,lambda,0.0016292537569291099,huber_loss,90,2,80,3,6,40,52,,,RMSprop,95
130,COMPLETE,-0.32692346,sigmoid,relu,tanh,,,38,420,58,k-means++,lambda,0.0009633963753524885,huber_loss,20,5,90,3,44,14,56,,,RMSprop,100
131,COMPLETE,0.34730093,relu,relu,tanh,,,42,340,22,kmeans,lambda,0.0011437268192460912,huber_loss,90,5,80,3,10,8,56,,,RMSprop,97
132,COMPLETE,0.41802537,relu,relu,tanh,,,42,320,62,kmeans,lambda,0.001001804386941483,huber_loss,90,5,80,3,8,10,58,,,RMSprop,98
133,COMPLETE,0.55728795,relu,relu,tanh,,,76,350,15,kmeans,lambda,0.0006000867962376627,huber_loss,90,5,80,3,4,12,56,,,RMSprop,91
134,COMPLETE,-0.99331711,relu,relu,tanh,,,14,580,9,kmeans,lambda,0.0020583997884536546,huber_loss,80,5,80,3,12,46,54,,,RMSprop,85
135,COMPLETE,0.4220257,relu,relu,tanh,,,44,530,24,kmeans,lambda,0.0013536527445187562,huber_loss,90,5,80,3,6,10,60,,,RMSprop,54
136,COMPLETE,0.13356743,relu,relu,tanh,,,48,350,13,random_from_data,lambda,0.0007289383678662958,huber_loss,100,5,70,3,10,14,62,,,RMSprop,95
137,COMPLETE,0.56831074,relu,relu,relu,,,74,230,28,random,lambda,0.0008656493552406083,huber_loss,40,2,80,3,14,8,58,,,RMSprop,88
138,COMPLETE,-2.73985973,relu,relu,sigmoid,,,56,480,18,kmeans,lambda,0.0010598219760325034,huber_loss,100,8,80,3,8,30,52,,,RMSprop,92
139,COMPLETE,0.64254915,sigmoid,tanh,tanh,,,34,380,20,kmeans,lambda,0.0016997983462115496,huber_loss,20,5,90,3,16,16,56,,,RMSprop,90
140,COMPLETE,0.02559577,sigmoid,tanh,tanh,,,36,970,26,random,,0.0017801344621808284,huber_loss,20,6,90,3,12,16,54,,,RMSprop,78
141,COMPLETE,0.50718328,sigmoid,tanh,tanh,,,30,380,20,kmeans,lambda,0.0014016856035070355,huber_loss,20,5,90,3,16,12,56,,,RMSprop,90
142,COMPLETE,0.13616258,sigmoid,tanh,tanh,,,38,410,23,kmeans,lambda,0.0005293751941202255,huber_loss,20,5,90,3,18,14,56,,,RMSprop,86
143,COMPLETE,0.1066143,sigmoid,tanh,tanh,,,30,290,32,kmeans,lambda,0.0011674709661242983,huber_loss,10,5,80,3,18,10,58,,,RMSprop,96
144,COMPLETE,0.48292183,sigmoid,tanh,tanh,,,40,330,19,kmeans,lambda,0.000680229000960378,huber_loss,60,5,80,3,14,22,64,,,RMSprop,93
145,COMPLETE,-0.52509648,relu,relu,tanh,,,32,670,16,kmeans,lambda,0.0008885596365861738,huber_loss,90,4,70,3,40,12,16,,,RMSprop,88
146,COMPLETE,0.49393175,relu,relu,relu,,,26,270,25,kmeans,lambda,0.002232144385745281,huber_loss,80,5,100,3,10,16,58,,,RMSprop,63
147,COMPLETE,0.01186661,sigmoid,relu,tanh,,,34,310,12,random,lambda,0.0016536419714584254,mse_loss,20,4,90,3,6,18,60,,,RMSprop,98
148,COMPLETE,-2.95986051,relu,sigmoid,sigmoid,,,34,370,67,kmeans,lambda,0.09624763312747844,huber_loss,30,5,80,3,8,10,54,,,RMSprop,90
149,COMPLETE,0.75460505,relu,relu,relu,,,76,510,46,kmeans,lambda,0.0010513256175699534,huber_loss,90,5,80,3,16,6,50,,,RMSprop,94
150,COMPLETE,0.6094807,sigmoid,relu,relu,,,76,560,47,random,lambda,0.0013993798596419818,huber_loss,90,2,90,3,22,6,50,,,RMSprop,94
151,COMPLETE,0.52875814,sigmoid,relu,relu,,,76,510,46,random,lambda,0.0013578850616873927,huber_loss,90,2,90,3,20,4,40,,,RMSprop,94
152,COMPLETE,0.40468175,sigmoid,relu,relu,,,78,560,48,random,lambda,0.0008003494245171733,huber_loss,90,2,90,3,22,6,48,,,RMSprop,92
153,COMPLETE,-0.32667956,sigmoid,relu,relu,,,76,520,55,random,lambda,0.0012484628930595348,huber_loss,80,2,90,3,16,6,50,,,RMSprop,87
154,COMPLETE,-0.54966952,sigmoid,relu,relu,,,80,490,45,random,lambda,0.0009784493453486468,huber_loss,90,2,100,3,16,8,44,,,RMSprop,84
155,COMPLETE,0.63027745,sigmoid,relu,relu,,,72,540,51,random,lambda,0.0019261080358644312,huber_loss,90,2,80,3,24,4,52,,,RMSprop,90
156,COMPLETE,0.49324617,sigmoid,relu,relu,,,72,570,52,random,lambda,0.0031706933954660267,huber_loss,90,2,60,3,26,4,48,,,Adam,94
157,COMPLETE,0.34245835,sigmoid,relu,relu,,,74,540,50,random,lambda,0.0020195149924723994,huber_loss,90,2,80,3,22,6,46,,,RMSprop,100
158,COMPLETE,0.32279244,sigmoid,relu,relu,,,68,630,40,random,lambda,0.0015938922368631714,huber_loss,100,2,70,3,24,6,52,,,RMSprop,96
159,COMPLETE,0.07463123,sigmoid,relu,relu,,,64,590,42,random,lambda,0.002482928718291708,huber_loss,80,3,80,3,28,8,50,,,RMSprop,91
160,COMPLETE,0.15312882,sigmoid,relu,sigmoid,,,72,550,49,random,lambda,0.003914219045362386,huber_loss,90,2,90,3,26,4,54,,,RMSprop,90
161,COMPLETE,0.09748578,relu,relu,relu,,,78,500,47,kmeans,lambda,0.0011237408073764394,huber_loss,90,5,80,3,32,8,56,,,RMSprop,86
162,COMPLETE,0.37684872,tanh,relu,relu,,,76,520,52,random,lambda,0.0006632039988075912,huber_loss,70,5,80,3,18,14,60,,,RMSprop,89
163,COMPLETE,0.43940351,relu,sigmoid,relu,,,78,460,64,kmeans,lambda,0.0014064913925655304,huber_loss,60,2,80,3,14,8,52,,,RMSprop,93
164,COMPLETE,0.60679348,sigmoid,relu,relu,,,74,540,34,random,lambda,0.000830115030042923,huber_loss,40,5,80,3,20,12,62,,,RMSprop,82
165,COMPLETE,0.77686941,sigmoid,relu,relu,,,74,570,34,random,lambda,0.001005087191794328,huber_loss,40,5,80,3,20,12,62,,,RMSprop,82
166,COMPLETE,0.12327684,sigmoid,relu,relu,,,70,600,37,random,lambda,0.0017420063416441292,huber_loss,40,2,70,3,20,12,62,,,RMSprop,95
167,COMPLETE,0.55574475,sigmoid,relu,relu,,,74,560,30,random,,0.0011527972156990108,huber_loss,90,5,80,3,22,60,58,,,RMSprop,85
168,COMPLETE,-0.49180285,sigmoid,relu,sigmoid,,,60,580,38,random,lambda,0.0047875352313878185,huber_loss,50,5,80,3,18,14,64,,,Adam,69
169,COMPLETE,0.12009486,sigmoid,relu,tanh,,,66,530,44,random,lambda,0.0009583393848236534,huber_loss,90,5,90,3,24,10,60,,,RMSprop,58
170,COMPLETE,-0.24803836,sigmoid,relu,relu,,,80,610,34,random_from_data,lambda,0.0005438361135358457,huber_loss,100,2,80,3,12,6,54,,,RMSprop,92
171,COMPLETE,0.65032869,sigmoid,relu,relu,,,74,550,35,random,lambda,0.0007696807409226718,huber_loss,40,5,80,3,20,12,62,,,RMSprop,75
172,COMPLETE,0.66906853,sigmoid,relu,relu,,,74,570,36,random,lambda,0.0006987285129103414,huber_loss,40,5,80,3,20,10,62,,,RMSprop,80
173,COMPLETE,0.42673665,sigmoid,relu,relu,,,72,570,39,random,lambda,0.0006789533948641916,huber_loss,40,5,80,3,22,12,62,,,RMSprop,80
174,COMPLETE,0.3519037,sigmoid,relu,relu,,,70,550,42,random,lambda,0.00041270172277807564,huber_loss,40,5,80,3,20,16,64,,,RMSprop,76
175,COMPLETE,0.68302293,sigmoid,relu,relu,,,76,640,35,random,lambda,0.001459277246877326,huber_loss,40,5,40,3,20,10,60,,,RMSprop,82
176,COMPLETE,0.3243257,sigmoid,relu,relu,,,74,670,33,random,lambda,0.0007447062382531423,mse_loss,40,5,40,3,18,12,60,,,RMSprop,73
177,COMPLETE,0.60972091,sigmoid,tanh,relu,,,78,640,37,random,lambda,0.0010847197484868886,huber_loss,40,5,40,3,16,10,64,,,RMSprop,78
178,COMPLETE,0.31531602,sigmoid,relu,relu,,,72,620,35,random,lambda,0.00058948514796765,huber_loss,40,5,30,3,20,14,58,,,RMSprop,83
179,COMPLETE,0.51846283,sigmoid,relu,relu,,,74,720,41,random,lambda,0.0020954759753193525,huber_loss,50,5,20,3,18,10,60,,,RMSprop,81
180,COMPLETE,0.11536902,sigmoid,relu,relu,,,68,510,32,random,lambda,0.0004969246150199209,huber_loss,40,5,30,3,30,8,62,,,RMSprop,48
181,COMPLETE,0.50805849,sigmoid,tanh,relu,,,80,650,34,random,lambda,0.0011002328245980797,huber_loss,40,5,40,3,16,10,64,,,RMSprop,78
182,COMPLETE,0.47973373,sigmoid,tanh,relu,,,78,640,36,random,lambda,0.0009386108795763978,huber_loss,40,5,50,3,36,12,64,,,RMSprop,79
183,COMPLETE,0.66530797,sigmoid,tanh,relu,,,78,590,38,random,lambda,0.0013046820995817568,huber_loss,40,5,40,3,16,10,62,,,RMSprop,75
184,COMPLETE,0.44916144,sigmoid,tanh,relu,,,76,590,38,random,lambda,0.0016267907647329258,huber_loss,50,5,40,3,18,14,62,,,RMSprop,83
185,COMPLETE,-0.21821814,sigmoid,tanh,relu,,,78,580,29,k-means++,lambda,0.001343252537339465,huber_loss,40,5,40,3,12,10,56,,,RMSprop,81
186,COMPLETE,0.32404255,sigmoid,relu,relu,,,76,540,39,random,lambda,0.0007536751298620196,huber_loss,40,5,80,3,20,64,58,,,Adam,71
187,COMPLETE,0.66043804,sigmoid,relu,sigmoid,,,72,610,35,random,lambda,0.0011971405785542902,huber_loss,40,5,30,3,16,8,62,,,RMSprop,76
188,COMPLETE,-0.16155594,sigmoid,relu,sigmoid,,,74,600,35,random,lambda,0.0019273165838560443,huber_loss,40,5,30,3,16,12,60,,,RMSprop,75
189,COMPLETE,0.36922478,sigmoid,tanh,sigmoid,,,70,480,32,random,lambda,0.0012270713622301488,huber_loss,30,5,50,3,18,8,62,,,RMSprop,76
190,COMPLETE,-0.22432737,tanh,relu,sigmoid,,,80,530,36,random,lambda,0.001537231631030121,huber_loss,40,5,30,3,24,26,56,,,RMSprop,39
191,COMPLETE,-0.07916777,sigmoid,relu,sigmoid,,,72,620,22,random,lambda,0.0009332164131590054,huber_loss,40,5,20,3,14,8,62,,,RMSprop,73
192,COMPLETE,-0.03145035,sigmoid,relu,sigmoid,,,76,570,41,random,lambda,0.020742435515939663,huber_loss,40,5,30,3,14,10,60,,,RMSprop,85
193,COMPLETE,0.43714395,sigmoid,relu,tanh,,,72,620,28,random,lambda,0.0012669935080030228,huber_loss,40,5,80,3,16,14,58,,,RMSprop,75
194,COMPLETE,0.41333616,sigmoid,relu,relu,,,2,690,39,random,lambda,0.0008601124723741862,huber_loss,50,5,80,3,16,12,62,,,RMSprop,87
195,COMPLETE,0.68714333,sigmoid,relu,tanh,,,74,590,4,random,lambda,0.0010340115821401632,huber_loss,40,6,60,3,20,20,56,,,RMSprop,80
196,COMPLETE,0.44572463,sigmoid,relu,tanh,,,74,580,3,random,lambda,0.0011150271942694744,huber_loss,30,6,60,3,20,20,54,,,RMSprop,68
197,COMPLETE,-0.5480284,sigmoid,relu,tanh,,,78,550,31,random,lambda,0.0015715515339378443,huber_loss,40,7,60,3,18,18,56,,,RMSprop,77
198,COMPLETE,0.38337904,relu,relu,tanh,,,28,510,36,random,,0.0018574117863135772,huber_loss,50,6,70,3,22,20,58,,,RMSprop,80
199,COMPLETE,0.56625638,sigmoid,relu,tanh,,,78,590,33,k-means++,lambda,0.001006818982819794,huber_loss,40,6,60,3,20,16,56,,,RMSprop,84
200,COMPLETE,-0.34244363,relu,relu,tanh,,,76,530,7,random,lambda,0.0013232019282140163,huber_loss,20,5,50,3,18,24,60,,,RMSprop,81
201,COMPLETE,0.64066928,sigmoid,relu,relu,,,74,600,2,random,lambda,0.0006594313283984248,huber_loss,40,6,80,3,12,22,62,,,RMSprop,88
202,COMPLETE,0.17980204,sigmoid,relu,relu,,,76,600,5,random,lambda,0.0007460417605021376,huber_loss,40,6,80,3,12,12,58,,,RMSprop,88
203,COMPLETE,0.02149992,sigmoid,relu,sigmoid,,,44,560,3,random,lambda,0.0008992468016633408,huber_loss,40,6,80,3,14,22,60,,,RMSprop,83
204,COMPLETE,0.64632265,sigmoid,relu,tanh,,,74,600,1,random,lambda,0.0006481301608844198,huber_loss,40,6,80,3,16,22,54,,,RMSprop,86
205,COMPLETE,0.55512105,sigmoid,relu,tanh,,,74,610,0,random,lambda,0.0006321979260418442,huber_loss,40,6,80,3,16,24,54,,,RMSprop,86
206,COMPLETE,-0.89951809,sigmoid,relu,tanh,,,70,580,2,kmeans,lambda,0.000641124744323288,huber_loss,40,6,80,3,18,22,56,,,RMSprop,89
207,COMPLETE,0.03863234,relu,relu,tanh,,,74,650,2,random_from_data,lambda,0.00030241010723443783,huber_loss,40,6,70,3,20,26,62,,,RMSprop,74
208,COMPLETE,0.04592874,sigmoid,tanh,tanh,,,72,630,1,random,lambda,0.0008330858801315316,mse_loss,40,6,80,3,14,20,54,,,Adam,79
209,COMPLETE,-0.29968918,relu,relu,tanh,,,74,600,5,kmeans,lambda,0.0004885840316825464,huber_loss,30,6,80,3,16,18,64,,,RMSprop,87
210,COMPLETE,0.55776861,sigmoid,relu,relu,,,72,570,8,random,lambda,0.0010572675630801157,huber_loss,40,5,50,3,22,22,58,,,RMSprop,90
211,COMPLETE,0.67775521,sigmoid,relu,relu,,,76,550,2,random,lambda,0.0012236320707155078,huber_loss,40,5,80,3,10,32,56,,,RMSprop,85
212,COMPLETE,0.54727096,sigmoid,relu,relu,,,76,560,0,random,lambda,0.0011258105645093124,huber_loss,40,5,80,3,10,34,56,,,RMSprop,85
213,COMPLETE,0.44420405,sigmoid,relu,relu,,,76,550,6,random,lambda,0.0007914709439413276,huber_loss,40,5,80,3,18,24,32,,,RMSprop,7
214,COMPLETE,0.68567594,sigmoid,relu,relu,,,74,610,2,random,lambda,0.0013075567582281286,huber_loss,40,5,80,3,12,38,52,,,RMSprop,87
215,COMPLETE,0.65900752,sigmoid,relu,relu,,,74,600,3,random,lambda,0.0013572224147107436,huber_loss,40,5,80,3,12,40,52,,,RMSprop,82
216,COMPLETE,0.21448143,sigmoid,relu,relu,,,70,610,3,random,lambda,0.0014170272660357663,huber_loss,40,5,10,3,12,40,52,,,RMSprop,83
217,COMPLETE,-0.31337894,sigmoid,relu,relu,,,74,660,2,random,lambda,0.0018373644925336473,huber_loss,40,5,80,3,34,22,52,,,RMSprop,81
218,COMPLETE,-0.66149455,sigmoid,relu,relu,,,72,630,5,random,lambda,0.002429418189506908,huber_loss,40,5,80,3,16,36,54,,,RMSprop,78
219,COMPLETE,0.64485054,sigmoid,relu,relu,,,74,590,4,random,lambda,0.0012532552814212947,huber_loss,40,5,80,3,14,28,52,,,RMSprop,17
220,COMPLETE,0.09137676,sigmoid,relu,relu,,,78,590,10,random,lambda,0.0012624290605136956,huber_loss,40,5,80,3,14,28,54,,,RMSprop,13
221,COMPLETE,0.41854103,sigmoid,relu,relu,,,74,610,4,random,lambda,0.0014710311918682162,huber_loss,40,5,80,3,14,32,52,,,RMSprop,82
222,COMPLETE,0.64574998,sigmoid,relu,relu,,,76,590,3,random,lambda,0.001083739264422601,huber_loss,40,5,80,3,16,42,52,,,RMSprop,20
223,COMPLETE,0.27077173,sigmoid,relu,relu,,,76,590,0,random,lambda,0.0011693433100992648,huber_loss,40,5,80,3,16,40,50,,,RMSprop,18
224,COMPLETE,0.75148271,sigmoid,relu,relu,,,74,610,3,random,lambda,0.0009917983253992665,huber_loss,40,5,80,3,12,38,54,,,RMSprop,15
225,COMPLETE,0.60516721,sigmoid,relu,relu,,,74,630,7,random,lambda,0.0010161577337728972,huber_loss,40,5,80,3,12,38,54,,,RMSprop,16
226,COMPLETE,0.68769602,sigmoid,relu,relu,,,74,600,3,random,lambda,0.00123921744805753,huber_loss,40,5,80,3,10,38,50,,,RMSprop,20
227,COMPLETE,0.00345724,sigmoid,tanh,relu,,,74,610,4,random,lambda,0.001280219242530502,huber_loss,40,5,80,3,10,40,52,,,RMSprop,21
228,COMPLETE,0.32874082,sigmoid,relu,relu,,,40,580,6,random,lambda,0.0015167761144042936,huber_loss,40,5,80,3,16,38,48,,,Adam,21
229,COMPLETE,0.32705815,sigmoid,relu,relu,,,76,620,0,random,lambda,0.000981985917848996,huber_loss,40,5,80,3,18,42,50,,,RMSprop,15
230,COMPLETE,0.02491253,sigmoid,relu,relu,,,70,640,8,random,lambda,0.0011925773873817849,huber_loss,40,5,80,3,50,38,50,,,RMSprop,27
231,COMPLETE,0.63501812,sigmoid,relu,relu,,,74,600,2,random,lambda,0.0007751987386760738,huber_loss,40,5,80,3,12,34,52,,,RMSprop,17
232,COMPLETE,0.08148891,sigmoid,relu,relu,,,72,580,4,random,lambda,0.0009690887546753265,huber_loss,40,5,80,3,12,30,54,,,RMSprop,25
233,COMPLETE,0.31976995,sigmoid,relu,relu,,,76,600,2,random,lambda,0.0015417634550385438,huber_loss,50,5,80,3,10,36,56,,,RMSprop,12
234,COMPLETE,0.00558476,sigmoid,relu,relu,,,74,570,6,random,lambda,0.0012458950682602157,huber_loss,40,5,80,3,14,42,50,,,RMSprop,18
235,COMPLETE,0.55750475,sigmoid,relu,relu,,,76,620,3,random,lambda,0.0008601714980142826,huber_loss,40,5,80,3,20,38,52,,,RMSprop,23
236,COMPLETE,0.40247942,sigmoid,relu,relu,,,78,590,0,random,lambda,0.0010976491055149583,huber_loss,40,5,80,3,14,32,54,,,RMSprop,20
237,COMPLETE,0.47849486,sigmoid,relu,relu,,,72,610,5,random,lambda,0.0006813694535084805,huber_loss,40,5,80,3,8,42,56,,,RMSprop,19
238,COMPLETE,-0.24639046,sigmoid,relu,relu,,,74,650,2,random,lambda,0.0016524792143968678,huber_loss,40,5,80,3,12,40,54,,,RMSprop,14
239,COMPLETE,0.51442546,sigmoid,tanh,relu,,,46,570,8,random,lambda,0.0012717151334843346,huber_loss,40,5,80,3,16,38,54,,,RMSprop,30
240,COMPLETE,0.71759708,sigmoid,relu,relu,,,42,590,4,random,lambda,0.0009327687850428084,huber_loss,30,5,20,3,10,26,56,,,RMSprop,38
241,COMPLETE,0.24790926,sigmoid,relu,relu,,,72,590,4,random,lambda,0.0009228332058409106,huber_loss,30,5,80,3,10,24,56,,,RMSprop,11
242,COMPLETE,0.61323236,sigmoid,relu,relu,,,42,630,2,random,lambda,0.0010617569634365676,huber_loss,40,5,40,3,10,26,56,,,RMSprop,16
243,COMPLETE,0.41188391,sigmoid,relu,relu,,,42,600,5,random,,0.0007721026443714196,huber_loss,40,5,20,3,12,26,52,,,RMSprop,39
244,COMPLETE,0.47375726,sigmoid,relu,relu,,,44,570,10,random,lambda,0.0013640487603410586,huber_loss,40,5,30,3,8,44,62,,,RMSprop,36
245,COMPLETE,0.72786137,sigmoid,relu,relu,,,40,590,1,random,lambda,0.0009006058361206606,huber_loss,30,5,20,3,18,36,28,,,RMSprop,43
246,COMPLETE,0.42849072,sigmoid,relu,tanh,,,40,570,15,random,lambda,0.0009032243841734203,huber_loss,30,5,20,3,18,36,58,,,RMSprop,33
247,COMPLETE,-0.46726003,tanh,relu,relu,,,42,590,0,random,lambda,0.0010873707721258388,huber_loss,30,5,20,3,18,28,34,,,RMSprop,42
248,COMPLETE,0.0190822,sigmoid,relu,relu,,,76,620,6,random,lambda,0.0014099892413382688,huber_loss,30,5,20,3,20,38,26,,,RMSprop,33
249,COMPLETE,0.60866572,sigmoid,relu,tanh,,,44,560,3,random,lambda,0.0011436495483757641,mse_loss,30,5,20,3,18,36,54,,,Adam,43
250,COMPLETE,-0.02265283,sigmoid,relu,relu,,,38,330,19,random,lambda,0.0009326809126024445,huber_loss,30,5,20,3,16,28,22,,,RMSprop,47
251,COMPLETE,0.32375029,sigmoid,relu,tanh,,,78,390,4,random,lambda,0.00164410499389236,huber_loss,40,5,30,3,20,40,24,,,RMSprop,36
252,COMPLETE,-0.21368897,sigmoid,tanh,relu,,,46,360,0,k-means++,lambda,0.0008064316717856365,huber_loss,50,5,20,3,14,34,54,,,RMSprop,23
253,COMPLETE,0.74774253,sigmoid,sigmoid,relu,,,36,580,7,random,lambda,0.0012406406735992813,huber_loss,30,5,80,3,10,36,22,,,RMSprop,84
254,COMPLETE,0.12818121,sigmoid,sigmoid,relu,,,38,580,5,random,lambda,0.001196340564932341,huber_loss,30,5,80,3,10,34,20,,,RMSprop,45
255,COMPLETE,0.11668768,sigmoid,sigmoid,relu,,,40,610,7,random,lambda,0.0009781286582171895,huber_loss,30,5,80,3,10,36,22,,,RMSprop,79
256,COMPLETE,0.05083072,sigmoid,sigmoid,relu,,,76,560,9,random,lambda,0.0007381757026538077,huber_loss,30,5,10,3,10,38,30,,,RMSprop,84
257,COMPLETE,0.18837738,sigmoid,sigmoid,relu,,,36,590,35,random,lambda,0.0005771399266836502,huber_loss,30,5,80,3,8,36,24,,,RMSprop,52
258,COMPLETE,0.32750526,sigmoid,sigmoid,relu,,,80,550,12,random,lambda,0.0013335948954327768,huber_loss,30,5,80,3,8,38,28,,,RMSprop,80
259,COMPLETE,-1.22682757,relu,relu,relu,,,62,890,2,random_from_data,lambda,0.0010549212268650657,huber_loss,40,5,80,3,6,36,48,,,RMSprop,81
260,COMPLETE,0.60694015,sigmoid,relu,relu,,,36,640,3,random,lambda,0.0008701970332093413,huber_loss,40,5,80,3,40,40,20,,,RMSprop,77
261,COMPLETE,0.57978921,sigmoid,relu,relu,,,74,620,7,random,lambda,0.0012128984399372342,huber_loss,30,5,80,3,22,24,20,,,Adam,38
262,COMPLETE,-0.31693035,relu,relu,relu,,,68,670,1,random,lambda,0.0013866851400663534,huber_loss,40,5,10,3,12,34,60,,,RMSprop,83
263,COMPLETE,0.63026307,sigmoid,relu,relu,,,78,580,33,random,lambda,0.000994292608537426,huber_loss,40,5,80,3,20,46,28,,,RMSprop,85
264,COMPLETE,0.47703889,tanh,sigmoid,relu,,,76,610,4,random,,0.0007202581226853687,huber_loss,40,5,30,3,18,30,22,,,RMSprop,10
265,COMPLETE,-0.09693729,sigmoid,relu,relu,,,72,590,0,random,lambda,0.0008625172639096507,huber_loss,40,5,80,3,12,50,58,,,RMSprop,41
266,COMPLETE,-0.19485787,relu,relu,relu,,,54,550,6,random,lambda,0.000580799691617008,huber_loss,50,5,80,3,10,38,52,,,RMSprop,82
267,COMPLETE,0.6383235,sigmoid,relu,tanh,,,40,300,37,random,lambda,0.0015088571682515246,mse_loss,30,5,70,3,14,10,50,,,RMSprop,46
268,COMPLETE,0.52396425,sigmoid,relu,relu,,,70,570,4,random,lambda,0.0010848275300185015,huber_loss,40,5,50,3,16,42,56,,,RMSprop,24
269,COMPLETE,-0.18623471,sigmoid,relu,relu,,,74,630,2,random,lambda,0.0012582243221743558,huber_loss,40,5,80,3,44,48,60,,,RMSprop,86
270,COMPLETE,-0.22511121,relu,relu,tanh,,,38,600,34,random,lambda,0.001888060830644188,huber_loss,40,5,80,3,52,36,52,,,RMSprop,74
271,COMPLETE,0.62598802,sigmoid,relu,relu,,,76,530,8,random,lambda,0.0008653589969755081,huber_loss,40,5,80,3,8,26,58,,,RMSprop,14
272,COMPLETE,0.0459071,sigmoid,relu,relu,,,42,580,2,random,lambda,0.001093462591062144,huber_loss,30,5,80,3,18,8,38,,,Adam,20
273,COMPLETE,0.65469522,relu,sigmoid,tanh,,,72,610,31,random,lambda,0.0006876776089066417,huber_loss,50,5,40,3,22,10,54,,,RMSprop,28
274,COMPLETE,-0.10200451,relu,sigmoid,tanh,,,72,630,33,random,lambda,0.00037914348885014084,huber_loss,50,5,40,3,22,10,18,,,RMSprop,28
275,COMPLETE,0.69625685,relu,sigmoid,tanh,,,70,650,30,random,lambda,0.000519478472832843,huber_loss,50,4,40,3,20,56,56,,,RMSprop,29
276,COMPLETE,0.14091064,relu,sigmoid,tanh,,,68,680,30,k-means++,lambda,0.0005158952713321083,huber_loss,50,4,40,3,20,52,56,,,RMSprop,29
277,COMPLETE,0.46552566,relu,relu,tanh,,,70,660,29,random,lambda,0.000434748349104462,huber_loss,50,4,40,3,20,10,56,,,RMSprop,31
278,COMPLETE,0.67706583,relu,sigmoid,tanh,,,70,650,31,random_from_data,lambda,0.000602745984311969,huber_loss,50,4,40,3,20,8,58,,,RMSprop,34
279,COMPLETE,0.71367431,relu,sigmoid,tanh,,,66,700,31,random_from_data,lambda,0.0005564733159055925,huber_loss,50,4,40,3,22,62,58,,,RMSprop,33
280,COMPLETE,0.38281757,relu,sigmoid,tanh,,,66,700,30,random_from_data,lambda,0.0004968958967161019,huber_loss,50,4,40,3,22,58,58,,,RMSprop,34
281,COMPLETE,0.68901288,relu,sigmoid,tanh,,,68,660,31,random_from_data,lambda,0.0004524767097735165,huber_loss,50,4,40,3,22,54,26,,,RMSprop,37
282,COMPLETE,0.6975821,relu,sigmoid,tanh,,,68,680,27,random_from_data,lambda,0.00033065516157373156,huber_loss,50,4,40,3,20,62,58,,,RMSprop,37
283,COMPLETE,0.51071796,relu,sigmoid,tanh,,,68,680,27,random_from_data,,0.000347221559230194,huber_loss,50,4,40,3,24,32,24,,,RMSprop,37
284,COMPLETE,0.33583958,relu,sigmoid,tanh,,,66,720,27,random_from_data,lambda,0.00025913028083084414,huber_loss,50,4,40,3,22,62,58,,,Adam,35
285,COMPLETE,0.76230898,relu,sigmoid,tanh,,,68,700,32,random_from_data,lambda,0.0003530476267659485,huber_loss,50,4,40,3,20,58,26,,,RMSprop,32
286,COMPLETE,0.16995384,relu,sigmoid,tanh,,,64,690,31,random_from_data,lambda,0.0002934874583233173,huber_loss,50,4,40,3,20,56,26,,,RMSprop,33
287,COMPLETE,0.59653517,relu,sigmoid,tanh,,,66,660,25,random_from_data,lambda,0.00042346454701171226,mse_loss,60,4,40,3,22,62,26,,,RMSprop,37
288,COMPLETE,0.7690074,relu,sigmoid,tanh,,,68,730,28,random_from_data,lambda,0.00037900692262173187,huber_loss,50,4,40,3,24,58,30,,,RMSprop,32
289,COMPLETE,0.29154871,relu,sigmoid,tanh,relu,tanh,68,740,29,random_from_data,lambda,0.00033219689119165654,huber_loss,50,4,40,5,22,56,28,56,60,RMSprop,31
290,COMPLETE,0.70926704,relu,sigmoid,tanh,,,66,750,28,random_from_data,lambda,0.0003765204520168869,huber_loss,50,4,40,3,20,58,30,,,RMSprop,34
291,COMPLETE,0.73563135,relu,sigmoid,tanh,,,64,710,27,random_from_data,lambda,0.00023054381260321136,huber_loss,50,4,40,3,24,58,28,,,RMSprop,35
292,COMPLETE,0.59175588,relu,sigmoid,tanh,,,64,780,27,random_from_data,lambda,0.0003687173092592665,huber_loss,50,4,40,3,26,58,30,,,RMSprop,35
293,COMPLETE,-3.77105329,relu,,,,,66,760,24,random_from_data,lambda,0.00021732585015751173,huber_loss,50,4,40,1,24,,,,,RMSprop,32
294,COMPLETE,0.42488172,relu,sigmoid,tanh,,,64,700,28,random_from_data,lambda,0.00024273799885835077,huber_loss,50,4,40,3,20,58,28,,,RMSprop,34
295,COMPLETE,0.63468442,relu,sigmoid,tanh,,,68,730,31,random_from_data,lambda,0.0002867869896081941,huber_loss,50,4,40,3,24,56,32,,,RMSprop,38
296,COMPLETE,0.14344051,relu,sigmoid,tanh,,,66,710,28,random_from_data,lambda,0.00041363295660184444,huber_loss,50,4,40,3,28,60,30,,,RMSprop,31
297,COMPLETE,0.52242098,relu,sigmoid,tanh,,,62,740,26,random_from_data,lambda,0.0003454275783186605,huber_loss,50,4,40,3,22,62,26,,,Adam,35
298,COMPLETE,0.0157749,relu,sigmoid,tanh,,,64,720,29,random_from_data,lambda,0.00015795425902495182,huber_loss,60,4,40,3,24,58,32,,,RMSprop,33
299,COMPLETE,0.7624017,relu,sigmoid,tanh,,,68,750,24,random_from_data,lambda,0.00020894826768890919,huber_loss,50,4,40,3,26,56,30,,,RMSprop,30
