Date,Id,Experiment Type,Model Type,Rate,N Samples,R2 Score,Mse Score,Max Error Score,Evs Score,Ise Score,K1 Score,Experiment Params,Best Params
2023-06-27 12:41:16,17f,32,GMM random,0.6,100,0.705401150776553,0.07687687466666464,0.4507408510592745,0.7054089196173791,48906.81521924935,0.8091507535380831,None,None
2023-06-27 12:42:00,17f,32,MLP random ,0.6,100,0.973058597095167,0.023248251740225424,0.06308952972214343,0.9736381735002718,0.054048120897689435,0.038319328300911865,"{'criterion': [<class 'torch.nn.modules.loss.MSELoss'>], 'max_epochs': [50], 'batch_size': [16], 'lr': [0.015], 'module__n_layer': [2], 'module__last_activation': ['lambda'], 'module__num_units': [100], 'module__activation': [ReLU()], 'module__type_layer': ['increase'], 'optimizer': [<class 'torch.optim.adam.Adam'>], 'module__dropout': [0.3]}","{'batch_size': 16, 'criterion': <class 'torch.nn.modules.loss.MSELoss'>, 'lr': 0.015, 'max_epochs': 50, 'module__activation': ReLU(), 'module__dropout': 0.3, 'module__last_activation': 'lambda', 'module__n_layer': 2, 'module__num_units': 100, 'module__type_layer': 'increase', 'optimizer': <class 'torch.optim.adam.Adam'>}"
2023-06-27 12:42:26,3f4,32,GMM kmeans,0.6,100,-1.5263699083158597,0.22512756095001857,3.9356162513078368,-1.5263698630965243,94053.38620495878,nan,None,None
2023-06-27 12:42:42,3f4,32,MLP kmeans ,0.6,100,0.9787599881184984,0.020642275687788886,0.04496771498904986,0.9881610554697677,0.04261035455706802,0.010347388689523252,"{'criterion': [<class 'torch.nn.modules.loss.MSELoss'>], 'max_epochs': [50], 'batch_size': [16], 'lr': [0.015], 'module__n_layer': [2], 'module__last_activation': ['lambda'], 'module__num_units': [100], 'module__activation': [ReLU()], 'module__type_layer': ['increase'], 'optimizer': [<class 'torch.optim.adam.Adam'>], 'module__dropout': [0.3]}","{'batch_size': 16, 'criterion': <class 'torch.nn.modules.loss.MSELoss'>, 'lr': 0.015, 'max_epochs': 50, 'module__activation': ReLU(), 'module__dropout': 0.3, 'module__last_activation': 'lambda', 'module__n_layer': 2, 'module__num_units': 100, 'module__type_layer': 'increase', 'optimizer': <class 'torch.optim.adam.Adam'>}"
2023-06-27 12:42:59,823,32,GMM random,0.6,100,0.705401150776553,0.07687687466666464,0.4507408510592745,0.7054089196173791,48906.81521924935,0.8091507535380831,None,None
2023-06-27 12:43:02,823,32,MLP kmeans ,0.6,100,0.9787599881184984,0.020642275687788886,0.04496771498904986,0.9881610554697677,0.04261035455706802,0.010347388689523252,"{'criterion': [<class 'torch.nn.modules.loss.MSELoss'>], 'max_epochs': [50], 'batch_size': [16], 'lr': [0.015], 'module__n_layer': [2], 'module__last_activation': ['lambda'], 'module__num_units': [100], 'module__activation': [ReLU()], 'module__type_layer': ['increase'], 'optimizer': [<class 'torch.optim.adam.Adam'>], 'module__dropout': [0.3]}","{'batch_size': 16, 'criterion': <class 'torch.nn.modules.loss.MSELoss'>, 'lr': 0.015, 'max_epochs': 50, 'module__activation': ReLU(), 'module__dropout': 0.3, 'module__last_activation': 'lambda', 'module__n_layer': 2, 'module__num_units': 100, 'module__type_layer': 'increase', 'optimizer': <class 'torch.optim.adam.Adam'>}"
2023-06-27 12:43:29,d17,32,GMM random,0.6,100,0.705401150776553,0.07687687466666464,0.4507408510592745,0.7054089196173791,48906.81521924935,0.8091507535380831,None,None
2023-06-27 12:43:41,d17,32,MLP k-means++ ,0.6,100,0.9703390593729193,0.024393417901580935,0.0534537230395776,0.9828515127526954,0.05950388369211691,0.013773225051966532,"{'criterion': [<class 'torch.nn.modules.loss.MSELoss'>], 'max_epochs': [50], 'batch_size': [16], 'lr': [0.015], 'module__n_layer': [2], 'module__last_activation': ['lambda'], 'module__num_units': [100], 'module__activation': [ReLU()], 'module__type_layer': ['increase'], 'optimizer': [<class 'torch.optim.adam.Adam'>], 'module__dropout': [0.3]}","{'batch_size': 16, 'criterion': <class 'torch.nn.modules.loss.MSELoss'>, 'lr': 0.015, 'max_epochs': 50, 'module__activation': ReLU(), 'module__dropout': 0.3, 'module__last_activation': 'lambda', 'module__n_layer': 2, 'module__num_units': 100, 'module__type_layer': 'increase', 'optimizer': <class 'torch.optim.adam.Adam'>}"
2023-06-27 12:44:23,d1f,32,GMM random,0.6,100,0.705401150776553,0.07687687466666464,0.4507408510592745,0.7054089196173791,48906.81521924935,0.8091507535380831,None,None
2023-06-27 12:44:39,d1f,32,MLP random_from_data ,0.6,100,0.9881435080431689,0.015422625104061914,0.048746960304003606,0.9895839040724806,0.023785736510044078,0.02957445880207395,"{'criterion': [<class 'torch.nn.modules.loss.MSELoss'>], 'max_epochs': [50], 'batch_size': [16], 'lr': [0.015], 'module__n_layer': [2], 'module__last_activation': ['lambda'], 'module__num_units': [100], 'module__activation': [ReLU()], 'module__type_layer': ['increase'], 'optimizer': [<class 'torch.optim.adam.Adam'>], 'module__dropout': [0.3]}","{'batch_size': 16, 'criterion': <class 'torch.nn.modules.loss.MSELoss'>, 'lr': 0.015, 'max_epochs': 50, 'module__activation': ReLU(), 'module__dropout': 0.3, 'module__last_activation': 'lambda', 'module__n_layer': 2, 'module__num_units': 100, 'module__type_layer': 'increase', 'optimizer': <class 'torch.optim.adam.Adam'>}"
2023-06-27 12:44:58,d1f,32,GMM random,0.6,100,0.705401150776553,0.07687687466666464,0.4507408510592745,0.7054089196173791,48906.81521924935,0.8091507535380831,None,None
2023-06-27 12:45:14,d1f,32,MLP random_from_data Biased,0.6,100,-4.51113986283801,0.33250709195252326,1.036276517171303,-4.026655498406383,11.056096619872376,1.1463870410193486,"{'criterion': [<class 'torch.nn.modules.loss.MSELoss'>], 'max_epochs': [50], 'batch_size': [16], 'lr': [0.015], 'module__n_layer': [2], 'module__last_activation': ['lambda'], 'module__num_units': [100], 'module__activation': [ReLU()], 'module__type_layer': ['increase'], 'optimizer': [<class 'torch.optim.adam.Adam'>], 'module__dropout': [0.3]}","{'batch_size': 16, 'criterion': <class 'torch.nn.modules.loss.MSELoss'>, 'lr': 0.015, 'max_epochs': 50, 'module__activation': ReLU(), 'module__dropout': 0.3, 'module__last_activation': 'lambda', 'module__n_layer': 2, 'module__num_units': 100, 'module__type_layer': 'increase', 'optimizer': <class 'torch.optim.adam.Adam'>}"
2023-06-27 12:45:50,17f,32,GMM random,0.6,100,0.705401150776553,0.07687687466666464,0.4507408510592745,0.7054089196173791,48906.81521924935,0.8091507535380831,None,None
2023-06-27 12:46:27,17f,32,MLP random Biased,0.6,100,0.7847084096634475,0.06571942109957488,0.1976940852379141,0.8054839428110188,0.43190423096632474,0.08294889987599303,"{'criterion': [<class 'torch.nn.modules.loss.MSELoss'>], 'max_epochs': [50], 'batch_size': [16], 'lr': [0.015], 'module__n_layer': [2], 'module__last_activation': ['lambda'], 'module__num_units': [100], 'module__activation': [ReLU()], 'module__type_layer': ['increase'], 'optimizer': [<class 'torch.optim.adam.Adam'>], 'module__dropout': [0.3]}","{'batch_size': 16, 'criterion': <class 'torch.nn.modules.loss.MSELoss'>, 'lr': 0.015, 'max_epochs': 50, 'module__activation': ReLU(), 'module__dropout': 0.3, 'module__last_activation': 'lambda', 'module__n_layer': 2, 'module__num_units': 100, 'module__type_layer': 'increase', 'optimizer': <class 'torch.optim.adam.Adam'>}"
2023-06-27 12:46:58,823,32,GMM random,0.6,100,0.705401150776553,0.07687687466666464,0.4507408510592745,0.7054089196173791,48906.81521924935,0.8091507535380831,None,None
2023-06-27 12:47:14,823,32,MLP kmeans Biased,0.6,100,-115.85094584073988,1.5310744610715836,1.9304105691873352,-21.525937128360145,234.41890053456405,1.5787079787471467,"{'criterion': [<class 'torch.nn.modules.loss.MSELoss'>], 'max_epochs': [50], 'batch_size': [16], 'lr': [0.015], 'module__n_layer': [2], 'module__last_activation': ['lambda'], 'module__num_units': [100], 'module__activation': [ReLU()], 'module__type_layer': ['increase'], 'optimizer': [<class 'torch.optim.adam.Adam'>], 'module__dropout': [0.3]}","{'batch_size': 16, 'criterion': <class 'torch.nn.modules.loss.MSELoss'>, 'lr': 0.015, 'max_epochs': 50, 'module__activation': ReLU(), 'module__dropout': 0.3, 'module__last_activation': 'lambda', 'module__n_layer': 2, 'module__num_units': 100, 'module__type_layer': 'increase', 'optimizer': <class 'torch.optim.adam.Adam'>}"
2023-06-27 12:47:39,d17,32,GMM random,0.6,100,0.705401150776553,0.07687687466666464,0.4507408510592745,0.7054089196173791,48906.81521924935,0.8091507535380831,None,None
2023-06-27 12:47:52,d17,32,MLP k-means++ Biased,0.6,100,-135.26023823425516,1.6533498802174382,1.9434027128183167,-16.761177014870057,273.35658264150175,1.4005264422519306,"{'criterion': [<class 'torch.nn.modules.loss.MSELoss'>], 'max_epochs': [50], 'batch_size': [16], 'lr': [0.015], 'module__n_layer': [2], 'module__last_activation': ['lambda'], 'module__num_units': [100], 'module__activation': [ReLU()], 'module__type_layer': ['increase'], 'optimizer': [<class 'torch.optim.adam.Adam'>], 'module__dropout': [0.3]}","{'batch_size': 16, 'criterion': <class 'torch.nn.modules.loss.MSELoss'>, 'lr': 0.015, 'max_epochs': 50, 'module__activation': ReLU(), 'module__dropout': 0.3, 'module__last_activation': 'lambda', 'module__n_layer': 2, 'module__num_units': 100, 'module__type_layer': 'increase', 'optimizer': <class 'torch.optim.adam.Adam'>}"
2023-06-27 12:50:25,d42,32,GMM random,0.6,100,0.705401150776553,0.07687687466666464,0.4507408510592745,0.7054089196173791,48906.81521924935,0.8091507535380831,None,None
2023-06-27 12:50:29,d42,32,MLP k-means++ ,0.6,100,0.9849575825900342,0.01737156773784691,0.07107249498367307,0.9943819502139264,0.03017713656706036,0.06622567662582104,"{'criterion': [<class 'torch.nn.modules.loss.MSELoss'>], 'max_epochs': [50], 'batch_size': [16], 'lr': [0.015], 'module__n_layer': [1], 'module__last_activation': ['lambda'], 'module__num_units': [100], 'module__activation': [ReLU()], 'module__type_layer': ['increase'], 'optimizer': [<class 'torch.optim.adam.Adam'>], 'module__dropout': [0.3]}","{'batch_size': 16, 'criterion': <class 'torch.nn.modules.loss.MSELoss'>, 'lr': 0.015, 'max_epochs': 50, 'module__activation': ReLU(), 'module__dropout': 0.3, 'module__last_activation': 'lambda', 'module__n_layer': 1, 'module__num_units': 100, 'module__type_layer': 'increase', 'optimizer': <class 'torch.optim.adam.Adam'>}"
2023-06-27 12:51:11,ea0,32,GMM random,0.6,100,0.705401150776553,0.07687687466666464,0.4507408510592745,0.7054089196173791,48906.81521924935,0.8091507535380831,None,None
2023-06-27 12:51:14,ea0,32,MLP random_from_data ,0.6,100,0.935235713256091,0.03604524566389821,0.13018819093704226,0.9559238610718561,0.1299259734970773,0.11661539862927298,"{'criterion': [<class 'torch.nn.modules.loss.MSELoss'>], 'max_epochs': [50], 'batch_size': [16], 'lr': [0.015], 'module__n_layer': [1], 'module__last_activation': ['lambda'], 'module__num_units': [100], 'module__activation': [ReLU()], 'module__type_layer': ['increase'], 'optimizer': [<class 'torch.optim.adam.Adam'>], 'module__dropout': [0.3]}","{'batch_size': 16, 'criterion': <class 'torch.nn.modules.loss.MSELoss'>, 'lr': 0.015, 'max_epochs': 50, 'module__activation': ReLU(), 'module__dropout': 0.3, 'module__last_activation': 'lambda', 'module__n_layer': 1, 'module__num_units': 100, 'module__type_layer': 'increase', 'optimizer': <class 'torch.optim.adam.Adam'>}"
2023-06-27 12:52:07,c9c,32,GMM random,0.6,100,0.705401150776553,0.07687687466666464,0.4507408510592745,0.7054089196173791,48906.81521924935,0.8091507535380831,None,None
2023-06-27 12:52:22,c9c,32,MLP random_from_data ,0.6,100,0.9179239053404488,0.040577803819082534,0.0842929741790939,0.9623551627439244,0.16465581627799486,0.28279319249768664,"{'criterion': [<class 'torch.nn.modules.loss.MSELoss'>], 'max_epochs': [50, 20], 'batch_size': [16, 8], 'lr': [0.015, 0.002], 'module__n_layer': [1, 2], 'module__last_activation': ['lambda'], 'module__num_units': [100, 50], 'module__activation': [ReLU()], 'module__type_layer': ['increase'], 'optimizer': [<class 'torch.optim.adam.Adam'>], 'module__dropout': [0.3]}","{'batch_size': 8, 'criterion': <class 'torch.nn.modules.loss.MSELoss'>, 'lr': 0.002, 'max_epochs': 20, 'module__activation': ReLU(), 'module__dropout': 0.3, 'module__last_activation': 'lambda', 'module__n_layer': 1, 'module__num_units': 100, 'module__type_layer': 'increase', 'optimizer': <class 'torch.optim.adam.Adam'>}"
2023-06-27 12:53:00,0cf,32,GMM random,0.6,100,0.705401150776553,0.07687687466666464,0.4507408510592745,0.7054089196173791,48906.81521924935,0.8091507535380831,None,None
2023-06-27 12:53:14,0cf,32,MLP kmeans ,0.6,100,0.9586852830256374,0.028789398239667946,0.06938580274581907,0.985667016095228,0.08288294510021958,0.06925287490587446,"{'criterion': [<class 'torch.nn.modules.loss.MSELoss'>], 'max_epochs': [50, 20], 'batch_size': [16, 8], 'lr': [0.015, 0.002], 'module__n_layer': [1, 2], 'module__last_activation': ['lambda'], 'module__num_units': [100, 50], 'module__activation': [ReLU()], 'module__type_layer': ['increase'], 'optimizer': [<class 'torch.optim.adam.Adam'>], 'module__dropout': [0.3]}","{'batch_size': 8, 'criterion': <class 'torch.nn.modules.loss.MSELoss'>, 'lr': 0.002, 'max_epochs': 20, 'module__activation': ReLU(), 'module__dropout': 0.3, 'module__last_activation': 'lambda', 'module__n_layer': 1, 'module__num_units': 50, 'module__type_layer': 'increase', 'optimizer': <class 'torch.optim.adam.Adam'>}"
2023-06-27 12:53:58,81e,32,GMM random,0.6,100,0.705401150776553,0.07687687466666464,0.4507408510592745,0.7054089196173791,48906.81521924935,0.8091507535380831,None,None
2023-06-27 12:54:05,81e,32,MLP kmeans ,0.6,100,0.9089111196319408,0.04274771234010282,0.07563829537114528,0.9591541002685597,0.18273669103121784,0.06466356444901619,"{'criterion': [<class 'torch.nn.modules.loss.MSELoss'>], 'max_epochs': [50, 20], 'batch_size': [4], 'lr': [0.015], 'module__n_layer': [2], 'module__last_activation': ['lambda'], 'module__num_units': [100, 50], 'module__activation': [ReLU()], 'module__type_layer': ['increase'], 'optimizer': [<class 'torch.optim.adam.Adam'>], 'module__dropout': [0.3]}","{'batch_size': 4, 'criterion': <class 'torch.nn.modules.loss.MSELoss'>, 'lr': 0.015, 'max_epochs': 20, 'module__activation': ReLU(), 'module__dropout': 0.3, 'module__last_activation': 'lambda', 'module__n_layer': 2, 'module__num_units': 100, 'module__type_layer': 'increase', 'optimizer': <class 'torch.optim.adam.Adam'>}"
2023-06-27 12:54:40,aa4,32,GMM random,0.6,100,0.705401150776553,0.07687687466666464,0.4507408510592745,0.7054089196173791,48906.81521924935,0.8091507535380831,None,None
2023-06-27 12:54:47,aa4,32,MLP kmeans ,0.6,100,0.993906452932996,0.01105643918080085,0.048572099208831765,0.9968649924904205,0.012224484735874815,0.021035010181226076,"{'criterion': [<class 'torch.nn.modules.loss.MSELoss'>], 'max_epochs': [50], 'batch_size': [4], 'lr': [0.005], 'module__n_layer': [2], 'module__last_activation': ['lambda'], 'module__num_units': [100, 50], 'module__activation': [ReLU()], 'module__type_layer': ['increase'], 'optimizer': [<class 'torch.optim.adam.Adam'>], 'module__dropout': [0.3]}","{'batch_size': 4, 'criterion': <class 'torch.nn.modules.loss.MSELoss'>, 'lr': 0.005, 'max_epochs': 50, 'module__activation': ReLU(), 'module__dropout': 0.3, 'module__last_activation': 'lambda', 'module__n_layer': 2, 'module__num_units': 50, 'module__type_layer': 'increase', 'optimizer': <class 'torch.optim.adam.Adam'>}"
2023-06-27 12:55:26,4fc,32,GMM random,0.6,100,0.705401150776553,0.07687687466666464,0.4507408510592745,0.7054089196173791,48906.81521924935,0.8091507535380831,None,None
2023-06-27 12:55:37,4fc,32,MLP kmeans ,0.6,100,0.990487503452151,0.013814254488237154,0.06667981147766111,0.9960003072762278,0.01908336270657803,0.021691352804574272,"{'criterion': [<class 'torch.nn.modules.loss.MSELoss'>], 'max_epochs': [50], 'batch_size': [4, 8], 'lr': [0.005, 0.01], 'module__n_layer': [2], 'module__last_activation': ['lambda'], 'module__num_units': [100, 50], 'module__activation': [ReLU()], 'module__type_layer': ['increase'], 'optimizer': [<class 'torch.optim.adam.Adam'>], 'module__dropout': [0.3]}","{'batch_size': 8, 'criterion': <class 'torch.nn.modules.loss.MSELoss'>, 'lr': 0.005, 'max_epochs': 50, 'module__activation': ReLU(), 'module__dropout': 0.3, 'module__last_activation': 'lambda', 'module__n_layer': 2, 'module__num_units': 50, 'module__type_layer': 'increase', 'optimizer': <class 'torch.optim.adam.Adam'>}"
2023-06-27 12:56:02,f8c,32,GMM random,0.6,100,0.705401150776553,0.07687687466666464,0.4507408510592745,0.7054089196173791,48906.81521924935,0.8091507535380831,None,None
2023-06-27 12:56:18,f8c,32,MLP kmeans ,0.6,100,0.962070284503653,0.027584809487007093,0.06910774707794187,0.986097866550522,0.07609217144344764,0.08935522234278327,"{'criterion': [<class 'torch.nn.modules.loss.MSELoss'>], 'max_epochs': [50], 'batch_size': [4, 8], 'lr': [0.005, 0.01], 'module__n_layer': [2, 1], 'module__last_activation': ['lambda'], 'module__num_units': [100, 50], 'module__activation': [ReLU()], 'module__type_layer': ['increase'], 'optimizer': [<class 'torch.optim.adam.Adam'>], 'module__dropout': [0.3]}","{'batch_size': 8, 'criterion': <class 'torch.nn.modules.loss.MSELoss'>, 'lr': 0.01, 'max_epochs': 50, 'module__activation': ReLU(), 'module__dropout': 0.3, 'module__last_activation': 'lambda', 'module__n_layer': 1, 'module__num_units': 100, 'module__type_layer': 'increase', 'optimizer': <class 'torch.optim.adam.Adam'>}"
2023-06-27 12:56:50,926,32,GMM random,0.6,100,0.705401150776553,0.07687687466666464,0.4507408510592745,0.7054089196173791,48906.81521924935,0.8091507535380831,None,None
2023-06-27 12:57:00,926,32,MLP kmeans ,0.6,100,0.9972249600156166,0.007461305439410555,0.02524776612144264,0.9975530926221053,0.005567107886017754,0.0014958967834096766,"{'criterion': [<class 'torch.nn.modules.loss.MSELoss'>], 'max_epochs': [50], 'batch_size': [4, 8], 'lr': [0.005, 0.01], 'module__n_layer': [2], 'module__last_activation': ['lambda'], 'module__num_units': [80, 50], 'module__activation': [ReLU()], 'module__type_layer': ['increase'], 'optimizer': [<class 'torch.optim.adam.Adam'>], 'module__dropout': [0.3]}","{'batch_size': 4, 'criterion': <class 'torch.nn.modules.loss.MSELoss'>, 'lr': 0.005, 'max_epochs': 50, 'module__activation': ReLU(), 'module__dropout': 0.3, 'module__last_activation': 'lambda', 'module__n_layer': 2, 'module__num_units': 80, 'module__type_layer': 'increase', 'optimizer': <class 'torch.optim.adam.Adam'>}"
2023-06-27 12:57:51,c5b,32,GMM random,0.6,100,0.705401150776553,0.07687687466666464,0.4507408510592745,0.7054089196173791,48906.81521924935,0.8091507535380831,None,None
2023-06-27 12:57:55,926,32,MLP kmeans Biased,0.6,100,-102.91940734227059,1.443871442858844,1.6790655307733338,-10.204358528199307,208.47647435032798,1.2435130828116316,"{'criterion': [<class 'torch.nn.modules.loss.MSELoss'>], 'max_epochs': [50], 'batch_size': [4], 'lr': [0.005], 'module__n_layer': [2], 'module__last_activation': ['lambda'], 'module__num_units': [80], 'module__activation': [ReLU()], 'module__type_layer': ['increase'], 'optimizer': [<class 'torch.optim.adam.Adam'>], 'module__dropout': [0.3]}","{'batch_size': 4, 'criterion': <class 'torch.nn.modules.loss.MSELoss'>, 'lr': 0.005, 'max_epochs': 50, 'module__activation': ReLU(), 'module__dropout': 0.3, 'module__last_activation': 'lambda', 'module__n_layer': 2, 'module__num_units': 80, 'module__type_layer': 'increase', 'optimizer': <class 'torch.optim.adam.Adam'>}"
2023-06-27 12:58:15,470,32,GMM random,0.6,100,0.705401150776553,0.07687687466666464,0.4507408510592745,0.7054089196173791,48906.81521924935,0.8091507535380831,None,None
2023-06-27 12:58:20,470,32,MLP random ,0.6,100,0.9812677041602892,0.01938544167207457,0.06717426440384061,0.9815208950599886,0.03757953488214053,0.024913134781582934,"{'criterion': [<class 'torch.nn.modules.loss.MSELoss'>], 'max_epochs': [50], 'batch_size': [4], 'lr': [0.005], 'module__n_layer': [2], 'module__last_activation': ['lambda'], 'module__num_units': [80], 'module__activation': [ReLU()], 'module__type_layer': ['increase'], 'optimizer': [<class 'torch.optim.adam.Adam'>], 'module__dropout': [0.3]}","{'batch_size': 4, 'criterion': <class 'torch.nn.modules.loss.MSELoss'>, 'lr': 0.005, 'max_epochs': 50, 'module__activation': ReLU(), 'module__dropout': 0.3, 'module__last_activation': 'lambda', 'module__n_layer': 2, 'module__num_units': 80, 'module__type_layer': 'increase', 'optimizer': <class 'torch.optim.adam.Adam'>}"
2023-06-27 13:00:36,939,32,GMM random,0.6,100,0.705401150776553,0.07687687466666464,0.4507408510592745,0.7054089196173791,48906.81521924935,0.8091507535380831,None,None
2023-06-27 13:00:40,939,32,MLP random_from_data ,0.6,100,0.9367542658581802,0.03562015585386176,0.06512483328101076,0.9547661441982243,0.12687955030534018,0.15246442126351048,"{'criterion': [<class 'torch.nn.modules.loss.MSELoss'>], 'max_epochs': [50], 'batch_size': [4], 'lr': [0.005], 'module__n_layer': [2], 'module__last_activation': ['lambda'], 'module__num_units': [80], 'module__activation': [ReLU()], 'module__type_layer': ['increase'], 'optimizer': [<class 'torch.optim.adam.Adam'>], 'module__dropout': [0.3]}","{'batch_size': 4, 'criterion': <class 'torch.nn.modules.loss.MSELoss'>, 'lr': 0.005, 'max_epochs': 50, 'module__activation': ReLU(), 'module__dropout': 0.3, 'module__last_activation': 'lambda', 'module__n_layer': 2, 'module__num_units': 80, 'module__type_layer': 'increase', 'optimizer': <class 'torch.optim.adam.Adam'>}"
2023-06-27 13:03:22,2cf,32,GMM random_from_data,0.6,100,-1.9377030366557664,0.24276392044513928,7.084889232637857,-1.9377030266766142,102350.48211400062,0.8091507535380807,None,None
2023-06-27 13:03:26,2cf,32,MLP random_from_data ,0.6,100,0.9367542658581802,0.03562015585386176,0.06512483328101076,0.9547661441982243,0.12687955030534018,0.15246442126351048,"{'criterion': [<class 'torch.nn.modules.loss.MSELoss'>], 'max_epochs': [50], 'batch_size': [4], 'lr': [0.005], 'module__n_layer': [2], 'module__last_activation': ['lambda'], 'module__num_units': [80], 'module__activation': [ReLU()], 'module__type_layer': ['increase'], 'optimizer': [<class 'torch.optim.adam.Adam'>], 'module__dropout': [0.3]}","{'batch_size': 4, 'criterion': <class 'torch.nn.modules.loss.MSELoss'>, 'lr': 0.005, 'max_epochs': 50, 'module__activation': ReLU(), 'module__dropout': 0.3, 'module__last_activation': 'lambda', 'module__n_layer': 2, 'module__num_units': 80, 'module__type_layer': 'increase', 'optimizer': <class 'torch.optim.adam.Adam'>}"
2023-06-27 13:03:38,310,4,GMM random_from_data,0.6,100,0.8257830361367638,0.05911877367529173,0.4072091243081577,0.8258975515038927,45390.321232844086,0.8091507535380822,None,None
2023-06-27 13:03:45,310,4,MLP random_from_data ,0.6,100,0.9720811340841492,0.02366623010294104,0.0898668020371487,0.9735064714133799,0.056009044728535275,0.012277643676225579,"{'criterion': [<class 'torch.nn.modules.loss.MSELoss'>], 'max_epochs': [50], 'batch_size': [4], 'lr': [0.005], 'module__n_layer': [2], 'module__last_activation': ['lambda'], 'module__num_units': [80], 'module__activation': [ReLU()], 'module__type_layer': ['increase'], 'optimizer': [<class 'torch.optim.adam.Adam'>], 'module__dropout': [0.3]}","{'batch_size': 4, 'criterion': <class 'torch.nn.modules.loss.MSELoss'>, 'lr': 0.005, 'max_epochs': 50, 'module__activation': ReLU(), 'module__dropout': 0.3, 'module__last_activation': 'lambda', 'module__n_layer': 2, 'module__num_units': 80, 'module__type_layer': 'increase', 'optimizer': <class 'torch.optim.adam.Adam'>}"
2023-06-27 13:04:17,d77,4,GMM kmeans,0.6,100,0.860482404192411,0.05290475264599629,0.35520442962664145,0.8608462498598344,43296.64428199955,0.809150753538083,None,None
2023-06-27 13:04:27,d77,4,MLP kmeans ,0.6,100,0.9829181662093719,0.018511748536301113,0.06594679355621336,0.9844217511946851,0.03426848338712464,0.008941089472221385,"{'criterion': [<class 'torch.nn.modules.loss.MSELoss'>], 'max_epochs': [50], 'batch_size': [4], 'lr': [0.005], 'module__n_layer': [2], 'module__last_activation': ['lambda'], 'module__num_units': [80], 'module__activation': [ReLU()], 'module__type_layer': ['increase'], 'optimizer': [<class 'torch.optim.adam.Adam'>], 'module__dropout': [0.3]}","{'batch_size': 4, 'criterion': <class 'torch.nn.modules.loss.MSELoss'>, 'lr': 0.005, 'max_epochs': 50, 'module__activation': ReLU(), 'module__dropout': 0.3, 'module__last_activation': 'lambda', 'module__n_layer': 2, 'module__num_units': 80, 'module__type_layer': 'increase', 'optimizer': <class 'torch.optim.adam.Adam'>}"
2023-06-27 13:04:46,3bb,4,GMM k-means++,0.6,100,0.8499210104884269,0.05487065503600061,0.357047781168312,0.8502903200621543,43481.0623602026,0.8091507535380813,None,None
2023-06-27 13:04:54,3bb,4,MLP k-means++ ,0.6,100,0.9808373208866913,0.01960687183190458,0.06136477535712065,0.986746836725568,0.03844294230327334,0.0021451846145751742,"{'criterion': [<class 'torch.nn.modules.loss.MSELoss'>], 'max_epochs': [50], 'batch_size': [4], 'lr': [0.005], 'module__n_layer': [2], 'module__last_activation': ['lambda'], 'module__num_units': [80], 'module__activation': [ReLU()], 'module__type_layer': ['increase'], 'optimizer': [<class 'torch.optim.adam.Adam'>], 'module__dropout': [0.3]}","{'batch_size': 4, 'criterion': <class 'torch.nn.modules.loss.MSELoss'>, 'lr': 0.005, 'max_epochs': 50, 'module__activation': ReLU(), 'module__dropout': 0.3, 'module__last_activation': 'lambda', 'module__n_layer': 2, 'module__num_units': 80, 'module__type_layer': 'increase', 'optimizer': <class 'torch.optim.adam.Adam'>}"
2023-06-27 13:05:07,5f1,16,GMM k-means++,0.6,100,0.12808134175952346,0.13225685217791616,3.9356190764703554,0.1280829399008826,60710.61948815975,nan,None,None
2023-06-27 13:05:18,5f1,16,MLP k-means++ ,0.6,100,0.9422866674625949,0.034026577808851835,0.07188192741772953,0.9555075344150943,0.11578079973818478,0.12288242199983566,"{'criterion': [<class 'torch.nn.modules.loss.MSELoss'>], 'max_epochs': [50], 'batch_size': [4], 'lr': [0.005], 'module__n_layer': [2], 'module__last_activation': ['lambda'], 'module__num_units': [80], 'module__activation': [ReLU()], 'module__type_layer': ['increase'], 'optimizer': [<class 'torch.optim.adam.Adam'>], 'module__dropout': [0.3]}","{'batch_size': 4, 'criterion': <class 'torch.nn.modules.loss.MSELoss'>, 'lr': 0.005, 'max_epochs': 50, 'module__activation': ReLU(), 'module__dropout': 0.3, 'module__last_activation': 'lambda', 'module__n_layer': 2, 'module__num_units': 80, 'module__type_layer': 'increase', 'optimizer': <class 'torch.optim.adam.Adam'>}"
2023-06-27 13:05:32,78a,16,GMM kmeans,0.6,100,0.1298685119248797,0.13212123933036496,3.9356191174705004,0.12987631097999064,60451.78772480403,nan,None,None
2023-06-27 13:05:45,78a,16,MLP kmeans ,0.6,100,0.9367765512519909,0.03561387970614248,0.07467213641296461,0.9513429174865653,0.12683484277235868,0.13074281425467896,"{'criterion': [<class 'torch.nn.modules.loss.MSELoss'>], 'max_epochs': [50], 'batch_size': [4], 'lr': [0.005], 'module__n_layer': [2], 'module__last_activation': ['lambda'], 'module__num_units': [80], 'module__activation': [ReLU()], 'module__type_layer': ['increase'], 'optimizer': [<class 'torch.optim.adam.Adam'>], 'module__dropout': [0.3]}","{'batch_size': 4, 'criterion': <class 'torch.nn.modules.loss.MSELoss'>, 'lr': 0.005, 'max_epochs': 50, 'module__activation': ReLU(), 'module__dropout': 0.3, 'module__last_activation': 'lambda', 'module__n_layer': 2, 'module__num_units': 80, 'module__type_layer': 'increase', 'optimizer': <class 'torch.optim.adam.Adam'>}"
2023-06-27 13:06:20,930,8,GMM kmeans,0.6,100,0.6319459425700309,0.0859282567389428,3.640503972398006,0.6319928051634223,49776.03720361748,0.8091507535380843,None,None
2023-06-27 13:06:31,930,8,MLP kmeans ,0.6,100,0.9397675995852294,0.034761241741375876,0.12243293262086663,0.9397742892047806,0.12083439274023725,0.04040541975274055,"{'criterion': [<class 'torch.nn.modules.loss.MSELoss'>], 'max_epochs': [50], 'batch_size': [4], 'lr': [0.005], 'module__n_layer': [2], 'module__last_activation': ['lambda'], 'module__num_units': [80], 'module__activation': [ReLU()], 'module__type_layer': ['increase'], 'optimizer': [<class 'torch.optim.adam.Adam'>], 'module__dropout': [0.3]}","{'batch_size': 4, 'criterion': <class 'torch.nn.modules.loss.MSELoss'>, 'lr': 0.005, 'max_epochs': 50, 'module__activation': ReLU(), 'module__dropout': 0.3, 'module__last_activation': 'lambda', 'module__n_layer': 2, 'module__num_units': 80, 'module__type_layer': 'increase', 'optimizer': <class 'torch.optim.adam.Adam'>}"
2023-06-27 13:07:04,d2f,8,GMM random_from_data,0.6,100,0.6434113644084596,0.0845792725193763,3.3166987991737655,0.6434130012958634,50382.109075382534,0.8091507535380804,None,None
2023-06-27 13:07:13,d2f,8,MLP random_from_data ,0.6,100,0.9327047020009542,0.03674282603997799,0.11234937915943138,0.9349977909102164,0.13500352654040848,0.10370123404500328,"{'criterion': [<class 'torch.nn.modules.loss.MSELoss'>], 'max_epochs': [50], 'batch_size': [4], 'lr': [0.005], 'module__n_layer': [2], 'module__last_activation': ['lambda'], 'module__num_units': [80], 'module__activation': [ReLU()], 'module__type_layer': ['increase'], 'optimizer': [<class 'torch.optim.adam.Adam'>], 'module__dropout': [0.3]}","{'batch_size': 4, 'criterion': <class 'torch.nn.modules.loss.MSELoss'>, 'lr': 0.005, 'max_epochs': 50, 'module__activation': ReLU(), 'module__dropout': 0.3, 'module__last_activation': 'lambda', 'module__n_layer': 2, 'module__num_units': 80, 'module__type_layer': 'increase', 'optimizer': <class 'torch.optim.adam.Adam'>}"
2023-06-27 13:08:05,139,8,GMM random,0.6,100,0.876944165201101,0.04968568730102294,0.38564421895462186,0.876990826901895,44858.06907457945,0.8091507535380802,None,None
2023-06-27 13:08:20,139,8,MLP random ,0.6,100,0.9474182053115886,0.03247864474099135,0.11840665590108734,0.9485351655247005,0.10548623642115253,0.024553866249624516,"{'criterion': [<class 'torch.nn.modules.loss.MSELoss'>], 'max_epochs': [50], 'batch_size': [4], 'lr': [0.005], 'module__n_layer': [2], 'module__last_activation': ['lambda'], 'module__num_units': [80], 'module__activation': [ReLU()], 'module__type_layer': ['increase'], 'optimizer': [<class 'torch.optim.adam.Adam'>], 'module__dropout': [0.3]}","{'batch_size': 4, 'criterion': <class 'torch.nn.modules.loss.MSELoss'>, 'lr': 0.005, 'max_epochs': 50, 'module__activation': ReLU(), 'module__dropout': 0.3, 'module__last_activation': 'lambda', 'module__n_layer': 2, 'module__num_units': 80, 'module__type_layer': 'increase', 'optimizer': <class 'torch.optim.adam.Adam'>}"
2023-06-27 13:09:40,7c2,4,GMM random,0.6,100,0.8811960298182486,0.0488197637402422,0.35102479060066716,0.8815306763914713,42986.66762428809,0.8091507535380813,None,None
2023-06-27 13:09:49,7c2,4,MLP random ,0.6,100,0.973445160045087,0.023080862854259192,0.07947546785818876,0.9800629814513145,0.05327262300971219,0.0029221388225885284,"{'criterion': [<class 'torch.nn.modules.loss.MSELoss'>], 'max_epochs': [50], 'batch_size': [4], 'lr': [0.005], 'module__n_layer': [2], 'module__last_activation': ['lambda'], 'module__num_units': [80], 'module__activation': [ReLU()], 'module__type_layer': ['increase'], 'optimizer': [<class 'torch.optim.adam.Adam'>], 'module__dropout': [0.3]}","{'batch_size': 4, 'criterion': <class 'torch.nn.modules.loss.MSELoss'>, 'lr': 0.005, 'max_epochs': 50, 'module__activation': ReLU(), 'module__dropout': 0.3, 'module__last_activation': 'lambda', 'module__n_layer': 2, 'module__num_units': 80, 'module__type_layer': 'increase', 'optimizer': <class 'torch.optim.adam.Adam'>}"
2023-06-27 13:09:58,18e,16,GMM random,0.6,100,0.7421371836489402,0.07192412003003029,0.43716009045760895,0.7421416400864553,48267.657739174574,0.8091507535380837,None,None
2023-06-27 13:10:20,18e,16,MLP random ,0.6,100,0.9250896546693429,0.03876600932262734,0.13799394287803968,0.925179438742956,0.15028034788020297,0.04882622199182702,"{'criterion': [<class 'torch.nn.modules.loss.MSELoss'>], 'max_epochs': [50], 'batch_size': [4], 'lr': [0.005], 'module__n_layer': [2], 'module__last_activation': ['lambda'], 'module__num_units': [80], 'module__activation': [ReLU()], 'module__type_layer': ['increase'], 'optimizer': [<class 'torch.optim.adam.Adam'>], 'module__dropout': [0.3]}","{'batch_size': 4, 'criterion': <class 'torch.nn.modules.loss.MSELoss'>, 'lr': 0.005, 'max_epochs': 50, 'module__activation': ReLU(), 'module__dropout': 0.3, 'module__last_activation': 'lambda', 'module__n_layer': 2, 'module__num_units': 80, 'module__type_layer': 'increase', 'optimizer': <class 'torch.optim.adam.Adam'>}"
2023-06-27 13:12:54,a72,16,GMM random,0.6,100,0.7421371836489402,0.07192412003003029,0.43716009045760895,0.7421416400864553,48267.657739174574,0.8091507535380837,None,None
2023-06-27 13:14:46,a72,16,MLP random ,0.6,100,0.945354581421591,0.03310983944381742,0.1109208582291712,0.9456801011160062,0.10962614679953683,0.060678060450224565,"{'criterion': [<class 'torch.nn.modules.loss.MSELoss'>], 'max_epochs': [50, 80], 'batch_size': [4, 8, 16], 'lr': [0.005, 0.01], 'module__n_layer': [2, 3], 'module__last_activation': ['lambda'], 'module__num_units': [80, 50], 'module__activation': [ReLU()], 'module__type_layer': ['increase'], 'optimizer': [<class 'torch.optim.adam.Adam'>], 'module__dropout': [0.3, 0.5]}","{'batch_size': 16, 'criterion': <class 'torch.nn.modules.loss.MSELoss'>, 'lr': 0.005, 'max_epochs': 80, 'module__activation': ReLU(), 'module__dropout': 0.3, 'module__last_activation': 'lambda', 'module__n_layer': 2, 'module__num_units': 80, 'module__type_layer': 'increase', 'optimizer': <class 'torch.optim.adam.Adam'>}"
2023-06-27 13:15:45,fe5,16,GMM random,0.6,100,0.7421371836489402,0.07192412003003029,0.43716009045760895,0.7421416400864553,48267.657739174574,0.8091507535380837,None,None
2023-06-27 13:17:32,fe5,16,MLP kmeans ,0.6,100,0.9628417001585359,0.027302858211483448,0.051430497265235436,0.9740455428173169,0.07454460665163694,0.13286728937501535,"{'criterion': [<class 'torch.nn.modules.loss.MSELoss'>], 'max_epochs': [50, 80], 'batch_size': [4, 8, 16], 'lr': [0.005, 0.01], 'module__n_layer': [2, 3], 'module__last_activation': ['lambda'], 'module__num_units': [80, 50], 'module__activation': [ReLU()], 'module__type_layer': ['increase'], 'optimizer': [<class 'torch.optim.adam.Adam'>], 'module__dropout': [0.3, 0.5]}","{'batch_size': 16, 'criterion': <class 'torch.nn.modules.loss.MSELoss'>, 'lr': 0.005, 'max_epochs': 80, 'module__activation': ReLU(), 'module__dropout': 0.3, 'module__last_activation': 'lambda', 'module__n_layer': 2, 'module__num_units': 50, 'module__type_layer': 'increase', 'optimizer': <class 'torch.optim.adam.Adam'>}"
2023-06-27 13:20:13,b9b,4,GMM random,0.6,100,0.8811960298182486,0.0488197637402422,0.35102479060066716,0.8815306763914713,42986.66762428809,0.8091507535380813,None,None
2023-06-27 13:22:05,b9b,4,MLP kmeans ,0.6,100,0.987938895888756,0.015555133023892238,0.07596502304077146,0.9912705990209494,0.024196216339098287,0.023166220244993454,"{'criterion': [<class 'torch.nn.modules.loss.MSELoss'>], 'max_epochs': [50, 80], 'batch_size': [4, 8, 16], 'lr': [0.005, 0.01], 'module__n_layer': [2, 3], 'module__last_activation': ['lambda'], 'module__num_units': [80, 50], 'module__activation': [ReLU()], 'module__type_layer': ['increase'], 'optimizer': [<class 'torch.optim.adam.Adam'>], 'module__dropout': [0.3, 0.5]}","{'batch_size': 8, 'criterion': <class 'torch.nn.modules.loss.MSELoss'>, 'lr': 0.01, 'max_epochs': 80, 'module__activation': ReLU(), 'module__dropout': 0.3, 'module__last_activation': 'lambda', 'module__n_layer': 2, 'module__num_units': 80, 'module__type_layer': 'increase', 'optimizer': <class 'torch.optim.adam.Adam'>}"
2023-06-27 13:27:43,959,16,GMM random,0.6,100,0.7421371836489402,0.07192412003003029,0.43716009045760895,0.7421416400864553,48267.657739174574,0.8091507535380837,None,None
2023-06-27 13:36:59,959,16,MLP kmeans ,0.6,100,0.9349736672851485,0.03611809427125359,0.08114300564481985,0.9630174362889683,0.1304516733787162,0.08571836124867067,"{'criterion': [<class 'torch.nn.modules.loss.MSELoss'>], 'max_epochs': [50, 80], 'batch_size': [4, 8, 16], 'lr': [0.005, 0.01], 'module__n_layer': [2, 3], 'module__last_activation': ['lambda'], 'module__num_units': [80, 50, 10], 'module__activation': [ReLU()], 'module__type_layer': ['increase', 'decrease'], 'optimizer': [<class 'torch.optim.adam.Adam'>], 'module__dropout': [0.3, 0.5, 0.0]}","{'batch_size': 8, 'criterion': <class 'torch.nn.modules.loss.MSELoss'>, 'lr': 0.01, 'max_epochs': 50, 'module__activation': ReLU(), 'module__dropout': 0.0, 'module__last_activation': 'lambda', 'module__n_layer': 3, 'module__num_units': 10, 'module__type_layer': 'increase', 'optimizer': <class 'torch.optim.adam.Adam'>}"
2023-06-26 01:13:19,808,16,GMM,0.6,100,0.7421371836489534,0.07192412003002845,0.4371600904575942,0.7421416400864684,48267.65773917431,[0.80915075 0.80915075 0.80915075 ... 0.80915075 0.80915075 0.80915075],None,None
2023-06-26 01:13:40,808,16,MLP,0.6,100,0.8465085654103334,0.055490963918599014,0.15251356265502225,0.864859323386439,0.3079247076615258,[0.06417219],"{'criterion': [<class 'torch.nn.modules.loss.MSELoss'>], 'max_epochs': [30, 50], 'batch_size': [8], 'lr': [0.01, 0.006], 'module__n_layer': [2], 'module__last_activation': ['lambda'], 'module__num_units': [100], 'module__activation': [ReLU()], 'module__type_layer': ['increase'], 'optimizer': [<class 'torch.optim.adam.Adam'>], 'module__dropout': [0.5]}","{'batch_size': 8, 'criterion': <class 'torch.nn.modules.loss.MSELoss'>, 'lr': 0.006, 'max_epochs': 30, 'module__activation': ReLU(), 'module__dropout': 0.5, 'module__last_activation': 'lambda', 'module__n_layer': 2, 'module__num_units': 100, 'module__type_layer': 'increase', 'optimizer': <class 'torch.optim.adam.Adam'>}"
2023-06-26 01:14:17,3b6,16,GMM,0.6,100,0.7421371836489534,0.07192412003002845,0.4371600904575942,0.7421416400864684,48267.65773917431,[0.80915075 0.80915075 0.80915075 ... 0.80915075 0.80915075 0.80915075],None,None
2023-06-26 12:15:10,3b6,16,MLP,0.6,100,0.7681819910124796,0.06819519601793154,0.4815063151572939,0.7701715911476241,0.4650584759924106,[0.04410432],"{'criterion': [<class 'torch.nn.modules.loss.MSELoss'>, <class 'torch.nn.modules.loss.L1Loss'>], 'max_epochs': [100, 50], 'batch_size': [1, 16, 8], 'lr': [0.01, 0.005], 'module__n_layer': [1, 2, 3], 'module__last_activation': ['lambda', ReLU()], 'module__num_units': [100, 10, 50], 'module__activation': [ReLU(), Tanh(), LeakyReLU(negative_slope=0.05)], 'module__type_layer': ['increase', 'decrease'], 'optimizer': [<class 'torch.optim.adam.Adam'>], 'module__dropout': [0.0, 0.5]}","{'batch_size': 1, 'criterion': <class 'torch.nn.modules.loss.L1Loss'>, 'lr': 0.01, 'max_epochs': 100, 'module__activation': ReLU(), 'module__dropout': 0.0, 'module__last_activation': 'lambda', 'module__n_layer': 3, 'module__num_units': 100, 'module__type_layer': 'increase', 'optimizer': <class 'torch.optim.adam.Adam'>}"
2023-06-26 12:49:07,49a,16,GMM,0.6,100,0.7421371836489534,0.07192412003002845,0.4371600904575942,0.7421416400864684,48267.65773917431,[0.80915075 0.80915075 0.80915075 ... 0.80915075 0.80915075 0.80915075],None,None
2023-06-26 12:50:16,49a,16,MLP,0.6,100,0.9113587423792477,0.042169470791509955,0.11388855549863586,0.93647961188998,0.17782642668360113,[0.23176629],"{'criterion': [<class 'torch.nn.modules.loss.MSELoss'>, <class 'torch.nn.modules.loss.L1Loss'>], 'max_epochs': [100, 50], 'batch_size': [16, 8], 'lr': [0.01, 0.005], 'module__n_layer': [1, 3], 'module__last_activation': ['lambda'], 'module__num_units': [100, 10, 50], 'module__activation': [ReLU()], 'module__type_layer': ['increase'], 'optimizer': [<class 'torch.optim.adam.Adam'>], 'module__dropout': [0.3]}","{'batch_size': 8, 'criterion': <class 'torch.nn.modules.loss.MSELoss'>, 'lr': 0.01, 'max_epochs': 50, 'module__activation': ReLU(), 'module__dropout': 0.3, 'module__last_activation': 'lambda', 'module__n_layer': 1, 'module__num_units': 100, 'module__type_layer': 'increase', 'optimizer': <class 'torch.optim.adam.Adam'>}"
2023-06-26 12:52:32,cfe,16,GMM,0.6,100,0.7421371836489534,0.07192412003002845,0.4371600904575942,0.7421416400864684,48267.65773917431,[0.80915075 0.80915075 0.80915075 ... 0.80915075 0.80915075 0.80915075],None,None
2023-06-26 12:55:15,cfe,16,MLP,0.6,100,0.8299912834412007,0.05840039582574476,0.3832541304757433,0.8301600900802006,0.34106062326036657,[0.05525153],"{'criterion': [<class 'torch.nn.modules.loss.MSELoss'>, <class 'torch.nn.modules.loss.L1Loss'>], 'max_epochs': [100, 50], 'batch_size': [16, 8], 'lr': [0.01, 0.005], 'module__n_layer': [2, 3], 'module__last_activation': ['lambda'], 'module__num_units': [100, 50, 150], 'module__activation': [ReLU()], 'module__type_layer': ['increase'], 'optimizer': [<class 'torch.optim.adam.Adam'>], 'module__dropout': [0.0, 0.3]}","{'batch_size': 8, 'criterion': <class 'torch.nn.modules.loss.L1Loss'>, 'lr': 0.01, 'max_epochs': 100, 'module__activation': ReLU(), 'module__dropout': 0.0, 'module__last_activation': 'lambda', 'module__n_layer': 2, 'module__num_units': 150, 'module__type_layer': 'increase', 'optimizer': <class 'torch.optim.adam.Adam'>}"
2023-06-26 12:56:23,a6c,16,GMM,0.6,100,0.7421371836489534,0.07192412003002845,0.4371600904575942,0.7421416400864684,48267.65773917431,[0.80915075 0.80915075 0.80915075 ... 0.80915075 0.80915075 0.80915075],None,None
2023-06-26 12:56:41,a36,16,GMM,0.6,100,0.7421371836489534,0.07192412003002845,0.4371600904575942,0.7421416400864684,48267.65773917431,[0.80915075 0.80915075 0.80915075 ... 0.80915075 0.80915075 0.80915075],None,None
2023-06-26 12:57:38,a36,16,MLP,0.6,100,0.8669593728065114,0.05166213359039243,0.16487123864494757,0.8980395914352559,0.26689760471115537,[0.00701869],"{'criterion': [<class 'torch.nn.modules.loss.MSELoss'>, <class 'torch.nn.modules.loss.L1Loss'>], 'max_epochs': [100, 50], 'batch_size': [16, 8], 'lr': [0.01, 0.02], 'module__n_layer': [2, 3], 'module__last_activation': ['lambda'], 'module__num_units': [80, 50], 'module__activation': [ReLU()], 'module__type_layer': ['increase'], 'optimizer': [<class 'torch.optim.adam.Adam'>], 'module__dropout': [0.3]}","{'batch_size': 8, 'criterion': <class 'torch.nn.modules.loss.L1Loss'>, 'lr': 0.02, 'max_epochs': 100, 'module__activation': ReLU(), 'module__dropout': 0.3, 'module__last_activation': 'lambda', 'module__n_layer': 2, 'module__num_units': 80, 'module__type_layer': 'increase', 'optimizer': <class 'torch.optim.adam.Adam'>}"
2023-06-26 12:59:49,aff,16,GMM,0.6,100,0.7421371836489534,0.07192412003002845,0.4371600904575942,0.7421416400864684,48267.65773917431,[0.80915075 0.80915075 0.80915075 ... 0.80915075 0.80915075 0.80915075],None,None
2023-06-26 13:00:37,aff,16,MLP,0.6,100,0.952385435273924,0.030906519876351138,0.11522186275459001,0.9567073551946553,0.09552129708672881,[0.09774545],"{'criterion': [<class 'torch.nn.modules.loss.MSELoss'>], 'max_epochs': [100, 50], 'batch_size': [16, 8, 32], 'lr': [0.01, 0.02], 'module__n_layer': [1, 2, 3], 'module__last_activation': ['lambda'], 'module__num_units': [80, 50], 'module__activation': [ReLU()], 'module__type_layer': ['increase'], 'optimizer': [<class 'torch.optim.adam.Adam'>], 'module__dropout': [0.3]}","{'batch_size': 8, 'criterion': <class 'torch.nn.modules.loss.MSELoss'>, 'lr': 0.02, 'max_epochs': 100, 'module__activation': ReLU(), 'module__dropout': 0.3, 'module__last_activation': 'lambda', 'module__n_layer': 1, 'module__num_units': 50, 'module__type_layer': 'increase', 'optimizer': <class 'torch.optim.adam.Adam'>}"
2023-06-26 13:01:38,d74,16,GMM,0.6,100,0.7421371836489534,0.07192412003002845,0.4371600904575942,0.7421416400864684,48267.65773917431,[0.80915075 0.80915075 0.80915075 ... 0.80915075 0.80915075 0.80915075],None,None
2023-06-26 13:04:25,d74,16,MLP,0.6,100,0.9359713180426854,0.03583995677743506,0.1662008277390321,0.9440558832222383,0.12845025018084133,[0.17078664],"{'criterion': [<class 'torch.nn.modules.loss.MSELoss'>], 'max_epochs': [100, 50], 'batch_size': [16, 8, 32], 'lr': [0.01, 0.02], 'module__n_layer': [1, 2, 3], 'module__last_activation': ['lambda'], 'module__num_units': [80, 50], 'module__activation': [ReLU()], 'module__type_layer': ['increase', 'decrease'], 'optimizer': [<class 'torch.optim.adam.Adam'>], 'module__dropout': [0.3, 0.1]}","{'batch_size': 8, 'criterion': <class 'torch.nn.modules.loss.MSELoss'>, 'lr': 0.02, 'max_epochs': 50, 'module__activation': ReLU(), 'module__dropout': 0.1, 'module__last_activation': 'lambda', 'module__n_layer': 1, 'module__num_units': 80, 'module__type_layer': 'decrease', 'optimizer': <class 'torch.optim.adam.Adam'>}"
2023-06-26 13:18:40,751,32,GMM,0.6,100,0.7054011507765554,0.07687687466666433,0.45074085105927386,0.7054089196173814,48906.81521924933,[0.80915075 0.80915075 0.80915075 ... 0.80915075 0.80915075 0.80915075],None,None
2023-06-26 13:21:58,751,32,MLP,0.6,100,0.9833420647682529,0.018280614099715167,0.05109419610266863,0.9881431978214378,0.0334180851862705,[0.0066401],"{'criterion': [<class 'torch.nn.modules.loss.MSELoss'>], 'max_epochs': [100, 50], 'batch_size': [16, 8, 32], 'lr': [0.01, 0.02], 'module__n_layer': [1, 2, 3], 'module__last_activation': ['lambda'], 'module__num_units': [80, 50], 'module__activation': [ReLU()], 'module__type_layer': ['increase', 'decrease'], 'optimizer': [<class 'torch.optim.adam.Adam'>], 'module__dropout': [0.3, 0.1]}","{'batch_size': 16, 'criterion': <class 'torch.nn.modules.loss.MSELoss'>, 'lr': 0.02, 'max_epochs': 50, 'module__activation': ReLU(), 'module__dropout': 0.1, 'module__last_activation': 'lambda', 'module__n_layer': 2, 'module__num_units': 80, 'module__type_layer': 'increase', 'optimizer': <class 'torch.optim.adam.Adam'>}"
2023-06-26 13:44:38,d74,16,GMM,0.6,100,0.7421371836489534,0.07192412003002845,0.4371600904575942,0.7421416400864684,48267.65773917431,[0.80915075 0.80915075 0.80915075 ... 0.80915075 0.80915075 0.80915075],None,None
2023-06-26 13:47:23,d74,16,MLP,0.6,100,0.9580365979451835,0.029014530093789397,0.11432958687393491,0.9591929373408922,0.08418429565634106,[0.05076798],"{'criterion': [<class 'torch.nn.modules.loss.MSELoss'>], 'max_epochs': [100, 50], 'batch_size': [16, 8, 32], 'lr': [0.01, 0.02], 'module__n_layer': [1, 2, 3], 'module__last_activation': ['lambda'], 'module__num_units': [80, 50], 'module__activation': [ReLU()], 'module__type_layer': ['increase', 'decrease'], 'optimizer': [<class 'torch.optim.adam.Adam'>], 'module__dropout': [0.3, 0.1]}","{'batch_size': 8, 'criterion': <class 'torch.nn.modules.loss.MSELoss'>, 'lr': 0.02, 'max_epochs': 100, 'module__activation': ReLU(), 'module__dropout': 0.1, 'module__last_activation': 'lambda', 'module__n_layer': 1, 'module__num_units': 50, 'module__type_layer': 'decrease', 'optimizer': <class 'torch.optim.adam.Adam'>}"
2023-06-26 13:49:50,db0,16,GMM,0.6,100,0.7421371836489534,0.07192412003002845,0.4371600904575942,0.7421416400864684,48267.65773917431,[0.80915075 0.80915075 0.80915075 ... 0.80915075 0.80915075 0.80915075],None,None
2023-06-26 13:55:05,db0,16,MLP,0.6,100,0.9033168534770634,0.04404083903676702,0.1824289671395143,0.9275294046414009,0.1939595503062422,[0.14493258],"{'criterion': [<class 'torch.nn.modules.loss.MSELoss'>], 'max_epochs': [100, 50], 'batch_size': [16, 8, 32], 'lr': [0.01, 0.02], 'module__n_layer': [1, 2, 3], 'module__last_activation': ['lambda', ReLU()], 'module__num_units': [80, 50], 'module__activation': [ReLU()], 'module__type_layer': ['increase', 'decrease'], 'optimizer': [<class 'torch.optim.adam.Adam'>], 'module__dropout': [0.3, 0.1]}","{'batch_size': 16, 'criterion': <class 'torch.nn.modules.loss.MSELoss'>, 'lr': 0.02, 'max_epochs': 100, 'module__activation': ReLU(), 'module__dropout': 0.1, 'module__last_activation': 'lambda', 'module__n_layer': 1, 'module__num_units': 80, 'module__type_layer': 'increase', 'optimizer': <class 'torch.optim.adam.Adam'>}"
2023-06-26 14:01:10,1a9,16,GMM,0.6,100,0.7421371836489534,0.07192412003002845,0.4371600904575942,0.7421416400864684,48267.65773917431,[0.80915075 0.80915075 0.80915075 ... 0.80915075 0.80915075 0.80915075],None,None
2023-06-26 14:20:58,1a9,16,MLP,0.6,100,0.8704982071254062,0.0509704052798523,0.4654522448778152,0.8792220990707927,0.25979822143923953,[0.08824683],"{'criterion': [<class 'torch.nn.modules.loss.MSELoss'>, <class 'torch.nn.modules.loss.KLDivLoss'>], 'max_epochs': [100, 50], 'batch_size': [16, 8, 32], 'lr': [0.01, 0.02], 'module__n_layer': [1, 2, 3], 'module__last_activation': ['lambda', ReLU()], 'module__num_units': [300, 80, 50], 'module__activation': [ReLU()], 'module__type_layer': ['increase', 'decrease'], 'optimizer': [<class 'torch.optim.adam.Adam'>], 'module__dropout': [0.3, 0.1]}","{'batch_size': 16, 'criterion': <class 'torch.nn.modules.loss.MSELoss'>, 'lr': 0.02, 'max_epochs': 100, 'module__activation': ReLU(), 'module__dropout': 0.1, 'module__last_activation': 'lambda', 'module__n_layer': 1, 'module__num_units': 300, 'module__type_layer': 'decrease', 'optimizer': <class 'torch.optim.adam.Adam'>}"
2023-06-26 14:22:30,6fa,16,GMM,0.6,100,0.7421371836489534,0.07192412003002845,0.4371600904575942,0.7421416400864684,48267.65773917431,[0.80915075 0.80915075 0.80915075 ... 0.80915075 0.80915075 0.80915075],None,None
2023-06-26 14:23:10,6fa,16,GMM,0.6,100,0.7421371836489534,0.07192412003002845,0.4371600904575942,0.7421416400864684,48267.65773917431,[0.80915075 0.80915075 0.80915075 ... 0.80915075 0.80915075 0.80915075],None,None
2023-06-26 14:23:58,fa4,16,GMM,0.6,100,0.7421371836489534,0.07192412003002845,0.4371600904575942,0.7421416400864684,48267.65773917431,[0.80915075 0.80915075 0.80915075 ... 0.80915075 0.80915075 0.80915075],None,None
2023-06-26 14:24:56,9c2,16,GMM,0.6,100,0.7421371836489534,0.07192412003002845,0.4371600904575942,0.7421416400864684,48267.65773917431,[0.80915075 0.80915075 0.80915075 ... 0.80915075 0.80915075 0.80915075],None,None
2023-06-26 14:33:32,9c2,16,MLP,0.6,100,-723.1459590444447,3.8114765493802727,6.004063194271259,-89.33427396172691,1452.735348647575,[1.24467912],"{'criterion': [<class 'torch.nn.modules.loss.KLDivLoss'>], 'max_epochs': [100, 50], 'batch_size': [16, 8, 32], 'lr': [0.01, 0.02], 'module__n_layer': [1, 2, 3], 'module__last_activation': ['lambda', ReLU()], 'module__num_units': [100, 80, 50], 'module__activation': [ReLU()], 'module__type_layer': ['increase', 'decrease'], 'optimizer': [<class 'torch.optim.adam.Adam'>], 'module__dropout': [0.3, 0.1]}","{'batch_size': 32, 'criterion': <class 'torch.nn.modules.loss.KLDivLoss'>, 'lr': 0.01, 'max_epochs': 50, 'module__activation': ReLU(), 'module__dropout': 0.1, 'module__last_activation': ReLU(), 'module__n_layer': 3, 'module__num_units': 50, 'module__type_layer': 'decrease', 'optimizer': <class 'torch.optim.adam.Adam'>}"
2023-06-26 14:38:41,1c7,16,GMM,0.6,100,0.7421371836489534,0.07192412003002845,0.4371600904575942,0.7421416400864684,48267.65773917431,[0.80915075 0.80915075 0.80915075 ... 0.80915075 0.80915075 0.80915075],None,None
2023-06-26 14:47:33,1c7,16,MLP,0.6,100,0.7306253482100277,0.07351205430658721,0.1976124165850991,0.8006539294872306,0.5404022128374627,[inf],"{'criterion': [<class 'torch.nn.modules.loss.L1Loss'>], 'max_epochs': [100, 50], 'batch_size': [16, 8, 32], 'lr': [0.01, 0.02], 'module__n_layer': [1, 2, 3], 'module__last_activation': ['lambda', ReLU()], 'module__num_units': [100, 80, 50], 'module__activation': [ReLU()], 'module__type_layer': ['increase', 'decrease'], 'optimizer': [<class 'torch.optim.adam.Adam'>], 'module__dropout': [0.3, 0.1]}","{'batch_size': 32, 'criterion': <class 'torch.nn.modules.loss.L1Loss'>, 'lr': 0.01, 'max_epochs': 100, 'module__activation': ReLU(), 'module__dropout': 0.3, 'module__last_activation': ReLU(), 'module__n_layer': 1, 'module__num_units': 80, 'module__type_layer': 'increase', 'optimizer': <class 'torch.optim.adam.Adam'>}"
2023-06-26 15:02:57,461,16,GMM,0.6,100,0.7421371836489534,0.07192412003002845,0.4371600904575942,0.7421416400864684,48267.65773917431,[0.80915075 0.80915075 0.80915075 ... 0.80915075 0.80915075 0.80915075],None,None
2023-06-26 15:11:27,461,16,MLP,0.6,100,0.9031463075327517,0.04407966523029529,0.2409843913529237,0.9129999102449676,0.19430168868149036,[0.23826114],"{'criterion': [<class 'torch.nn.modules.loss.SmoothL1Loss'>], 'max_epochs': [100, 50], 'batch_size': [16, 8, 32], 'lr': [0.01, 0.02], 'module__n_layer': [1, 2, 3], 'module__last_activation': ['lambda', ReLU()], 'module__num_units': [100, 80, 50], 'module__activation': [ReLU()], 'module__type_layer': ['increase', 'decrease'], 'optimizer': [<class 'torch.optim.adam.Adam'>], 'module__dropout': [0.3, 0.1]}","{'batch_size': 8, 'criterion': <class 'torch.nn.modules.loss.SmoothL1Loss'>, 'lr': 0.02, 'max_epochs': 100, 'module__activation': ReLU(), 'module__dropout': 0.1, 'module__last_activation': 'lambda', 'module__n_layer': 1, 'module__num_units': 80, 'module__type_layer': 'decrease', 'optimizer': <class 'torch.optim.adam.Adam'>}"
2023-06-26 15:17:32,a06,32,GMM,0.6,100,0.7054011507765554,0.07687687466666433,0.45074085105927386,0.7054089196173814,48906.81521924933,[0.80915075 0.80915075 0.80915075 ... 0.80915075 0.80915075 0.80915075],None,None
2023-06-26 15:26:03,a06,32,MLP,0.6,100,0.9726785696096785,0.023411644059004835,0.04237093485421528,0.9878323715750126,0.05481050775455363,[0.07735549],"{'criterion': [<class 'torch.nn.modules.loss.MSELoss'>], 'max_epochs': [100, 50], 'batch_size': [16, 8, 32], 'lr': [0.01, 0.02], 'module__n_layer': [1, 2, 3], 'module__last_activation': ['lambda', ReLU()], 'module__num_units': [100, 80, 50], 'module__activation': [ReLU()], 'module__type_layer': ['increase', 'decrease'], 'optimizer': [<class 'torch.optim.adam.Adam'>], 'module__dropout': [0.3, 0.1]}","{'batch_size': 16, 'criterion': <class 'torch.nn.modules.loss.MSELoss'>, 'lr': 0.02, 'max_epochs': 100, 'module__activation': ReLU(), 'module__dropout': 0.3, 'module__last_activation': 'lambda', 'module__n_layer': 1, 'module__num_units': 50, 'module__type_layer': 'decrease', 'optimizer': <class 'torch.optim.adam.Adam'>}"
2023-06-26 15:37:46,578,32,GMM,0.6,100,0.7054011507765554,0.07687687466666433,0.45074085105927386,0.7054089196173814,48906.81521924933,[0.80915075 0.80915075 0.80915075 ... 0.80915075 0.80915075 0.80915075],None,None
2023-06-26 15:45:31,578,32,MLP,0.6,100,0.9511556551253124,0.031303099436867474,0.057311897135072565,0.9531805488907904,0.09798840343544128,[0.11376341],"{'criterion': [<class 'torch.nn.modules.loss.MSELoss'>], 'max_epochs': [100, 50], 'batch_size': [16, 8, 32], 'lr': [0.02, 0.015], 'module__n_layer': [2, 3], 'module__last_activation': ['lambda'], 'module__num_units': [100, 80, 50, 10], 'module__activation': [ReLU(), Tanh()], 'module__type_layer': ['increase', 'decrease'], 'optimizer': [<class 'torch.optim.adam.Adam'>], 'module__dropout': [0.3, 0.4]}","{'batch_size': 8, 'criterion': <class 'torch.nn.modules.loss.MSELoss'>, 'lr': 0.02, 'max_epochs': 50, 'module__activation': Tanh(), 'module__dropout': 0.3, 'module__last_activation': 'lambda', 'module__n_layer': 2, 'module__num_units': 50, 'module__type_layer': 'decrease', 'optimizer': <class 'torch.optim.adam.Adam'>}"
2023-06-26 15:48:05,578,8,GMM,0.6,100,0.8769441652010996,0.0496856873010232,0.3856442189546234,0.8769908269018938,44858.0690745795,[0.80915075 0.80915075 0.80915075 ... 0.80915075 0.80915075 0.80915075],None,None
2023-06-26 15:55:51,578,8,MLP,0.6,100,0.8918094658145986,0.04658808174730924,0.07448621323672025,0.9083200507647076,0.21704493608939684,[0.19041368],"{'criterion': [<class 'torch.nn.modules.loss.MSELoss'>], 'max_epochs': [100, 50], 'batch_size': [16, 8, 32], 'lr': [0.02, 0.015], 'module__n_layer': [2, 3], 'module__last_activation': ['lambda'], 'module__num_units': [100, 80, 50, 10], 'module__activation': [ReLU(), Tanh()], 'module__type_layer': ['increase', 'decrease'], 'optimizer': [<class 'torch.optim.adam.Adam'>], 'module__dropout': [0.3, 0.4]}","{'batch_size': 32, 'criterion': <class 'torch.nn.modules.loss.MSELoss'>, 'lr': 0.02, 'max_epochs': 50, 'module__activation': Tanh(), 'module__dropout': 0.4, 'module__last_activation': 'lambda', 'module__n_layer': 2, 'module__num_units': 80, 'module__type_layer': 'decrease', 'optimizer': <class 'torch.optim.adam.Adam'>}"
2023-06-26 18:22:14,7fb,8,GMM,0.6,100,0.8769441652010996,0.0496856873010232,0.3856442189546234,0.8769908269018938,44858.0690745795,[0.80915075 0.80915075 0.80915075 ... 0.80915075 0.80915075 0.80915075],None,None
2023-06-26 18:40:31,7fb,8,MLP,0.6,100,0.9518786625360215,0.031070557151378644,0.05075882666667719,0.9583065747094245,0.09653795216970867,[0.111855],"{'criterion': [<class 'torch.nn.modules.loss.MSELoss'>], 'max_epochs': [100, 50], 'batch_size': [16, 8, 2], 'lr': [0.02, 0.015], 'module__n_layer': [2, 3], 'module__last_activation': ['lambda'], 'module__num_units': [100, 80, 50, 10], 'module__activation': [ReLU(), Tanh()], 'module__type_layer': ['increase', 'decrease'], 'optimizer': [<class 'torch.optim.adam.Adam'>], 'module__dropout': [0.3, 0.4]}","{'batch_size': 8, 'criterion': <class 'torch.nn.modules.loss.MSELoss'>, 'lr': 0.015, 'max_epochs': 50, 'module__activation': Tanh(), 'module__dropout': 0.3, 'module__last_activation': 'lambda', 'module__n_layer': 2, 'module__num_units': 50, 'module__type_layer': 'decrease', 'optimizer': <class 'torch.optim.adam.Adam'>}"
2023-06-26 15:08:38,931,32,GMM,0.6,100,0.705401150776553,0.07687687466666464,0.4507408510592745,0.7054089196173791,48906.81521924935,[0.80915075 0.80915075 0.80915075 ... 0.80915075 0.80915075 0.80915075],None,None
2023-06-26 15:37:16,931,32,MLP,0.6,100,0.954944253906017,0.030064590245119857,0.05586624937597151,0.9825840311036808,0.09038795866069561,[0.09247298],"{'criterion': [<class 'torch.nn.modules.loss.MSELoss'>, <class 'torch.nn.modules.loss.L1Loss'>], 'max_epochs': [100, 50, 20], 'batch_size': [16, 8, 32], 'lr': [0.01, 0.02], 'module__n_layer': [1, 3, 2], 'module__last_activation': ['lambda'], 'module__num_units': [100, 10, 50], 'module__activation': [ReLU()], 'module__type_layer': ['increase', 'decrease'], 'optimizer': [<class 'torch.optim.adam.Adam'>, <class 'torch.optim.adamax.Adamax'>], 'module__dropout': [0.4, 0.2]}","{'batch_size': 8, 'criterion': <class 'torch.nn.modules.loss.L1Loss'>, 'lr': 0.02, 'max_epochs': 20, 'module__activation': ReLU(), 'module__dropout': 0.2, 'module__last_activation': 'lambda', 'module__n_layer': 1, 'module__num_units': 50, 'module__type_layer': 'increase', 'optimizer': <class 'torch.optim.adam.Adam'>}"
2023-06-26 15:38:35,0f8,16,GMM,0.6,100,0.7421371836489402,0.07192412003003029,0.43716009045760895,0.7421416400864553,48267.657739174574,[0.80915075 0.80915075 0.80915075 ... 0.80915075 0.80915075 0.80915075],None,None
2023-06-26 16:11:21,0f8,16,MLP,0.6,100,0.9359003012045475,0.03585982705248232,0.15990317978599866,0.949368751542656,0.12859271962339425,[0.19304059],"{'criterion': [<class 'torch.nn.modules.loss.MSELoss'>, <class 'torch.nn.modules.loss.L1Loss'>], 'max_epochs': [100, 50, 20], 'batch_size': [16, 8, 32], 'lr': [0.01, 0.02], 'module__n_layer': [1, 4, 2], 'module__last_activation': ['lambda'], 'module__num_units': [100, 80, 50], 'module__activation': [ReLU()], 'module__type_layer': ['increase', 'decrease'], 'optimizer': [<class 'torch.optim.adam.Adam'>, <class 'torch.optim.adamax.Adamax'>], 'module__dropout': [0.4, 0.2]}","{'batch_size': 8, 'criterion': <class 'torch.nn.modules.loss.MSELoss'>, 'lr': 0.02, 'max_epochs': 100, 'module__activation': ReLU(), 'module__dropout': 0.2, 'module__last_activation': 'lambda', 'module__n_layer': 1, 'module__num_units': 80, 'module__type_layer': 'decrease', 'optimizer': <class 'torch.optim.adam.Adam'>}"
2023-06-26 18:03:07,352,8,GMM,0.6,100,0.876944165201101,0.04968568730102294,0.38564421895462186,0.876990826901895,44858.06907457945,[0.80915075 0.80915075 0.80915075 ... 0.80915075 0.80915075 0.80915075],None,None
2023-06-26 18:35:58,352,8,MLP,0.6,100,0.9027496840747865,0.04416982785995676,0.14444996037224134,0.9354014798968457,0.1950973693178212,[0.21663747],"{'criterion': [<class 'torch.nn.modules.loss.MSELoss'>, <class 'torch.nn.modules.loss.L1Loss'>], 'max_epochs': [100, 50, 20], 'batch_size': [16, 8, 32], 'lr': [0.01, 0.02], 'module__n_layer': [1, 4, 2], 'module__last_activation': ['lambda'], 'module__num_units': [100, 80, 50], 'module__activation': [ReLU()], 'module__type_layer': ['increase', 'decrease'], 'optimizer': [<class 'torch.optim.adam.Adam'>, <class 'torch.optim.adamax.Adamax'>], 'module__dropout': [0.4, 0.2]}","{'batch_size': 16, 'criterion': <class 'torch.nn.modules.loss.MSELoss'>, 'lr': 0.02, 'max_epochs': 100, 'module__activation': ReLU(), 'module__dropout': 0.2, 'module__last_activation': 'lambda', 'module__n_layer': 1, 'module__num_units': 80, 'module__type_layer': 'decrease', 'optimizer': <class 'torch.optim.adam.Adam'>}"
2023-06-26 12:38:30,fa9,4,GMM,0.6,100,0.8811960298182487,0.04881976374024218,0.35102479060066705,0.8815306763914714,42986.6676242881,[0.80915075 0.80915075 0.80915075 ... 0.80915075 0.80915075 0.80915075],None,None
2023-06-26 12:44:27,132,4,GMM,0.6,100,0.8811960298182487,0.04881976374024218,0.35102479060066705,0.8815306763914714,42986.6676242881,[0.80915075 0.80915075 0.80915075 ... 0.80915075 0.80915075 0.80915075],None,None
2023-06-26 18:23:59,132,4,MLP,0.6,100,-0.49630023572138704,0.17325651261355624,0.6,0.0,3.001781916301137,[nan],"{'criterion': [<class 'torch.nn.modules.loss.MSELoss'>, <class 'torch.nn.modules.loss.L1Loss'>], 'max_epochs': [100, 50], 'batch_size': [1, 16, 8], 'lr': [0.01, 0.005], 'module__n_layer': [1, 2, 3], 'module__last_activation': ['lambda', ReLU()], 'module__num_units': [100, 10, 50], 'module__activation': [ReLU(), Tanh(), LeakyReLU(negative_slope=0.05)], 'module__type_layer': ['increase', 'decrease'], 'optimizer': [<class 'torch.optim.adam.Adam'>], 'module__dropout': [0.0, 0.5]}","{'batch_size': 16, 'criterion': <class 'torch.nn.modules.loss.MSELoss'>, 'lr': 0.005, 'max_epochs': 100, 'module__activation': ReLU(), 'module__dropout': 0.0, 'module__last_activation': ReLU(), 'module__n_layer': 2, 'module__num_units': 100, 'module__type_layer': 'increase', 'optimizer': <class 'torch.optim.adam.Adam'>}"
2023-06-26 18:49:57,f9c,4,GMM,0.6,100,0.8811960298182487,0.048819763740242175,0.35102479060066705,0.8815306763914714,42986.66762428809,[0.80915075 0.80915075 0.80915075 ... 0.80915075 0.80915075 0.80915075],None,None
2023-06-26 19:08:31,f9c,4,MLP,0.6,100,0.990572076363204,0.013752708073977304,0.04700416868674101,0.9922158066886091,0.01891369793680405,[0.01501625],"{'criterion': [<class 'torch.nn.modules.loss.MSELoss'>], 'max_epochs': [100, 50], 'batch_size': [16, 8, 2], 'lr': [0.02, 0.015], 'module__n_layer': [2, 3], 'module__last_activation': ['lambda'], 'module__num_units': [100, 80, 50, 10], 'module__activation': [ReLU(), Tanh()], 'module__type_layer': ['increase', 'decrease'], 'optimizer': [<class 'torch.optim.adam.Adam'>], 'module__dropout': [0.3, 0.4]}","{'batch_size': 8, 'criterion': <class 'torch.nn.modules.loss.MSELoss'>, 'lr': 0.015, 'max_epochs': 100, 'module__activation': ReLU(), 'module__dropout': 0.3, 'module__last_activation': 'lambda', 'module__n_layer': 2, 'module__num_units': 80, 'module__type_layer': 'increase', 'optimizer': <class 'torch.optim.adam.Adam'>}"
2023-06-26 19:25:01,e45,4,MLP,0.6,100,0.9773916312108692,0.021296822472938834,0.1520024001598358,0.9823425553748778,0.04535546474438725,[0.06740507],"{'criterion': [<class 'torch.nn.modules.loss.MSELoss'>, <class 'torch.nn.modules.loss.L1Loss'>], 'max_epochs': [100, 50, 20], 'batch_size': [16, 8, 32], 'lr': [0.01, 0.02], 'module__n_layer': [1, 4, 2], 'module__last_activation': ['lambda'], 'module__num_units': [100, 80, 50], 'module__activation': [ReLU()], 'module__type_layer': ['increase', 'decrease'], 'optimizer': [<class 'torch.optim.adam.Adam'>, <class 'torch.optim.adamax.Adamax'>], 'module__dropout': [0.4, 0.2]}","{'batch_size': 8, 'criterion': <class 'torch.nn.modules.loss.MSELoss'>, 'lr': 0.02, 'max_epochs': 100, 'module__activation': ReLU(), 'module__dropout': 0.2, 'module__last_activation': 'lambda', 'module__n_layer': 1, 'module__num_units': 100, 'module__type_layer': 'increase', 'optimizer': <class 'torch.optim.adam.Adam'>}"
2023-06-26 19:21:11,c10,4,MLP,0.6,100,0.9443407513201155,0.0334155694195578,0.08413873322911031,0.9570299390564414,0.11166002796332866,[0.01322854],"{'criterion': [<class 'torch.nn.modules.loss.MSELoss'>], 'max_epochs': [100, 50], 'batch_size': [16, 8], 'lr': [0.02, 0.015], 'module__n_layer': [2, 3], 'module__last_activation': ['lambda'], 'module__num_units': [100, 80], 'module__activation': [ReLU()], 'module__type_layer': ['increase', 'decrease'], 'optimizer': [<class 'torch.optim.adam.Adam'>], 'module__dropout': [0.3, 0.5]}","{'batch_size': 8, 'criterion': <class 'torch.nn.modules.loss.MSELoss'>, 'lr': 0.015, 'max_epochs': 100, 'module__activation': ReLU(), 'module__dropout': 0.3, 'module__last_activation': 'lambda', 'module__n_layer': 2, 'module__num_units': 100, 'module__type_layer': 'increase', 'optimizer': <class 'torch.optim.adam.Adam'>}"
2023-06-26 19:52:07,9ac,32,GMM,0.6,100,0.7054011507765554,0.07687687466666433,0.45074085105927386,0.7054089196173814,48906.81521924933,[0.80915075 0.80915075 0.80915075 ... 0.80915075 0.80915075 0.80915075],None,None
2023-06-26 19:53:48,9ac,32,MLP,0.6,100,0.9920090711880548,0.012661315392191886,0.025201126189539347,0.9946062421497993,0.01603089074605552,[0.03353852],"{'criterion': [<class 'torch.nn.modules.loss.MSELoss'>], 'max_epochs': [100, 50], 'batch_size': [16, 8], 'lr': [0.02, 0.015], 'module__n_layer': [2, 3], 'module__last_activation': ['lambda'], 'module__num_units': [100, 80], 'module__activation': [ReLU()], 'module__type_layer': ['increase', 'decrease'], 'optimizer': [<class 'torch.optim.adam.Adam'>], 'module__dropout': [0.3, 0.5]}","{'batch_size': 16, 'criterion': <class 'torch.nn.modules.loss.MSELoss'>, 'lr': 0.015, 'max_epochs': 50, 'module__activation': ReLU(), 'module__dropout': 0.3, 'module__last_activation': 'lambda', 'module__n_layer': 2, 'module__num_units': 100, 'module__type_layer': 'increase', 'optimizer': <class 'torch.optim.adam.Adam'>}"
2023-06-26 19:54:37,313,16,GMM,0.6,100,0.7421371836489534,0.07192412003002845,0.4371600904575942,0.7421416400864684,48267.65773917431,[0.80915075 0.80915075 0.80915075 ... 0.80915075 0.80915075 0.80915075],None,None
2023-06-26 19:56:20,313,16,MLP,0.6,100,0.8715290685559931,0.05076713239009277,0.16033655192319507,0.8768456212130799,0.25773017311132057,[0.10384014],"{'criterion': [<class 'torch.nn.modules.loss.MSELoss'>], 'max_epochs': [100, 50], 'batch_size': [16, 8], 'lr': [0.02, 0.015], 'module__n_layer': [2, 3], 'module__last_activation': ['lambda'], 'module__num_units': [100, 80], 'module__activation': [ReLU()], 'module__type_layer': ['increase', 'decrease'], 'optimizer': [<class 'torch.optim.adam.Adam'>], 'module__dropout': [0.3, 0.5]}","{'batch_size': 8, 'criterion': <class 'torch.nn.modules.loss.MSELoss'>, 'lr': 0.015, 'max_epochs': 100, 'module__activation': ReLU(), 'module__dropout': 0.3, 'module__last_activation': 'lambda', 'module__n_layer': 2, 'module__num_units': 100, 'module__type_layer': 'increase', 'optimizer': <class 'torch.optim.adam.Adam'>}"
2023-06-26 19:57:18,2b4,8,GMM,0.6,100,0.8769441652010996,0.0496856873010232,0.3856442189546234,0.8769908269018938,44858.0690745795,[0.80915075 0.80915075 0.80915075 ... 0.80915075 0.80915075 0.80915075],None,None
2023-06-26 19:58:10,6a2,32,GMM,0.6,100,0.7054011507765554,0.07687687466666433,0.45074085105927386,0.7054089196173814,48906.81521924933,[0.80915075 0.80915075 0.80915075 ... 0.80915075 0.80915075 0.80915075],None,None
2023-06-26 20:01:35,6a2,32,MLP,0.6,100,0.9671936552880444,0.02565423792856214,0.0656598483207046,0.9671973136747184,0.06581399236952765,[0.05866048],"{'criterion': [<class 'torch.nn.modules.loss.MSELoss'>], 'max_epochs': [100, 50], 'batch_size': [16, 8, 4], 'lr': [0.02, 0.015], 'module__n_layer': [2, 3], 'module__last_activation': ['lambda'], 'module__num_units': [100, 80], 'module__activation': [ReLU()], 'module__type_layer': ['increase', 'decrease'], 'optimizer': [<class 'torch.optim.adam.Adam'>], 'module__dropout': [0.3, 0.5]}","{'batch_size': 8, 'criterion': <class 'torch.nn.modules.loss.MSELoss'>, 'lr': 0.015, 'max_epochs': 50, 'module__activation': ReLU(), 'module__dropout': 0.3, 'module__last_activation': 'lambda', 'module__n_layer': 2, 'module__num_units': 100, 'module__type_layer': 'increase', 'optimizer': <class 'torch.optim.adam.Adam'>}"
2023-06-27 16:16:03,5fe,4,GMM random,0.6,100,0.8811960298182487,0.048819763740242,0.351024790600667,0.8815306763914714,42986.66762428809,0.8091507535380812,None,None
2023-06-27 16:16:12,5fe,4,MLP random Biased,0.6,100,0.9377239965014098,0.03534602363161052,0.09283449728773563,0.9649046374473156,0.12493413865663693,0.0028493114134943796,"{'criterion': [<class 'torch.nn.modules.loss.MSELoss'>], 'max_epochs': [80], 'batch_size': [8], 'lr': [0.01], 'module__n_layer': [2], 'module__last_activation': ['lambda'], 'module__num_units': [80], 'module__activation': [ReLU()], 'module__type_layer': ['increase'], 'optimizer': [<class 'torch.optim.adam.Adam'>], 'module__dropout': [0.3]}","{'batch_size': 8, 'criterion': <class 'torch.nn.modules.loss.MSELoss'>, 'lr': 0.01, 'max_epochs': 80, 'module__activation': ReLU(), 'module__dropout': 0.3, 'module__last_activation': 'lambda', 'module__n_layer': 2, 'module__num_units': 80, 'module__type_layer': 'increase', 'optimizer': <class 'torch.optim.adam.Adam'>}"
2023-06-27 16:15:21,5fe,4,MLP random ,0.6,100,0.977743211536823,0.021130581336336,0.06782687193054426,0.9848713235657524,0.04465014676115174,0.0018590279271190379,"{'criterion': [<class 'torch.nn.modules.loss.MSELoss'>], 'max_epochs': [80], 'batch_size': [8], 'lr': [0.01], 'module__n_layer': [2], 'module__last_activation': ['lambda'], 'module__num_units': [80], 'module__activation': [ReLU()], 'module__type_layer': ['increase'], 'optimizer': [<class 'torch.optim.adam.Adam'>], 'module__dropout': [0.3]}","{'batch_size': 8, 'criterion': <class 'torch.nn.modules.loss.MSELoss'>, 'lr': 0.01, 'max_epochs': 80, 'module__activation': ReLU(), 'module__dropout': 0.3, 'module__last_activation': 'lambda', 'module__n_layer': 2, 'module__num_units': 80, 'module__type_layer': 'increase', 'optimizer': <class 'torch.optim.adam.Adam'>}"
